RECORD_ID,ORDER_DATE1,ORDER_DATE2,ORDER_DATE_TM1,ORDER_DATE_TM2,ORDER_DATE_TM3
1,2022-01-22,1/22/22,1/22/22 16:08,22-Jan-22 4:08 PM,"Sat January 22, 2022 16:08"
2,2022-09-25,9/25/22,9/25/22 20:16,22-Sep-25 8:16 PM,"Sun September 25, 2022 20:16"
3,2022-07-31,7/31/22,7/31/22 0:32,22-Jul-31 12:32 AM,"Sun July 31, 2022 0:32"
4,2022-07-20,7/20/22,7/20/22 11:57,22-Jul-20 11:57 AM,"Wed July 20, 2022 11:57"
5,2022-04-26,4/26/22,4/26/22 0:48,22-Apr-26 12:48 AM,"Tue April 26, 2022 0:48"
6,2022-11-01,11/1/22,11/1/22 21:29,22-Nov-01 9:29 PM,"Tue November 1, 2022 21:29"
7,2022-12-06,12/6/22,12/6/22 19:26,22-Dec-06 7:26 PM,"Tue December 6, 2022 19:26"
8,2022-01-07,1/7/22,1/7/22 3:47,22-Jan-07 3:47 AM,"Fri January 7, 2022 3:47"
9,2022-01-31,1/31/22,1/31/22 16:19,22-Jan-31 4:19 PM,"Mon January 31, 2022 16:19"
10,2022-08-27,8/27/22,8/27/22 18:44,22-Aug-27 6:44 PM,"Sat August 27, 2022 18:44"
11,2022-03-05,3/5/22,3/5/22 3:00,22-Mar-05 3:00 AM,"Sat March 5, 2022 3:00"
12,2022-02-16,2/16/22,2/16/22 8:12,22-Feb-16 8:12 AM,"Wed February 16, 2022 8:12"
13,2022-01-24,1/24/22,1/24/22 17:27,22-Jan-24 5:27 PM,"Mon January 24, 2022 17:27"
14,2022-04-04,4/4/22,4/4/22 16:25,22-Apr-04 4:25 PM,"Mon April 4, 2022 16:25"
15,2022-08-08,8/8/22,8/8/22 12:26,22-Aug-08 12:26 PM,"Mon August 8, 2022 12:26"
16,2022-12-08,12/8/22,12/8/22 0:43,22-Dec-08 12:43 AM,"Thu December 8, 2022 0:43"
17,2022-04-04,4/4/22,4/4/22 10:48,22-Apr-04 10:48 AM,"Mon April 4, 2022 10:48"
18,2022-01-13,1/13/22,1/13/22 14:16,22-Jan-13 2:16 PM,"Thu January 13, 2022 14:16"
19,2022-05-30,5/30/22,5/30/22 16:37,22-May-30 4:37 PM,"Mon May 30, 2022 16:37"
20,2022-05-09,5/9/22,5/9/22 21:31,22-May-09 9:31 PM,"Mon May 9, 2022 21:31"
21,2022-10-09,10/9/22,10/9/22 6:48,22-Oct-09 6:48 AM,"Sun October 9, 2022 6:48"
22,2022-11-28,11/28/22,11/28/22 11:53,22-Nov-28 11:53 AM,"Mon November 28, 2022 11:53"
23,2022-07-15,7/15/22,7/15/22 22:43,22-Jul-15 10:43 PM,"Fri July 15, 2022 22:43"
24,2022-11-08,11/8/22,11/8/22 10:06,22-Nov-08 10:06 AM,"Tue November 8, 2022 10:06"
25,2022-05-15,5/15/22,5/15/22 23:47,22-May-15 11:47 PM,"Sun May 15, 2022 23:47"
26,2022-11-18,11/18/22,11/18/22 18:43,22-Nov-18 6:43 PM,"Fri November 18, 2022 18:43"
27,2022-08-17,8/17/22,8/17/22 19:57,22-Aug-17 7:57 PM,"Wed August 17, 2022 19:57"
28,2022-06-18,6/18/22,6/18/22 8:04,22-Jun-18 8:04 AM,"Sat June 18, 2022 8:04"
29,2022-12-28,12/28/22,12/28/22 23:36,22-Dec-28 11:36 PM,"Wed December 28, 2022 23:36"
30,2022-04-10,4/10/22,4/10/22 7:50,22-Apr-10 7:50 AM,"Sun April 10, 2022 7:50"
31,2022-09-14,9/14/22,9/14/22 19:15,22-Sep-14 7:15 PM,"Wed September 14, 2022 19:15"
32,2022-01-26,1/26/22,1/26/22 3:03,22-Jan-26 3:03 AM,"Wed January 26, 2022 3:03"
33,2022-01-08,1/8/22,1/8/22 17:53,22-Jan-08 5:53 PM,"Sat January 8, 2022 17:53"
34,2022-06-03,6/3/22,6/3/22 19:33,22-Jun-03 7:33 PM,"Fri June 3, 2022 19:33"
35,2022-09-23,9/23/22,9/23/22 10:27,22-Sep-23 10:27 AM,"Fri September 23, 2022 10:27"
36,2022-08-29,8/29/22,8/29/22 9:11,22-Aug-29 9:11 AM,"Mon August 29, 2022 9:11"
37,2022-04-15,4/15/22,4/15/22 13:21,22-Apr-15 1:21 PM,"Fri April 15, 2022 13:21"
38,2022-04-12,4/12/22,4/12/22 13:25,22-Apr-12 1:25 PM,"Tue April 12, 2022 13:25"
39,2022-08-10,8/10/22,8/10/22 9:34,22-Aug-10 9:34 AM,"Wed August 10, 2022 9:34"
40,2022-11-26,11/26/22,11/26/22 1:57,22-Nov-26 1:57 AM,"Sat November 26, 2022 1:57"
41,2022-02-09,2/9/22,2/9/22 11:20,22-Feb-09 11:20 AM,"Wed February 9, 2022 11:20"
42,2022-09-13,9/13/22,9/13/22 0:07,22-Sep-13 12:07 AM,"Tue September 13, 2022 0:07"
43,2022-03-16,3/16/22,3/16/22 14:08,22-Mar-16 2:08 PM,"Wed March 16, 2022 14:08"
44,2022-12-04,12/4/22,12/4/22 9:14,22-Dec-04 9:14 AM,"Sun December 4, 2022 9:14"
45,2022-11-26,11/26/22,11/26/22 19:38,22-Nov-26 7:38 PM,"Sat November 26, 2022 19:38"
46,2022-10-06,10/6/22,10/6/22 18:47,22-Oct-06 6:47 PM,"Thu October 6, 2022 18:47"
47,2022-05-15,5/15/22,5/15/22 12:15,22-May-15 12:15 PM,"Sun May 15, 2022 12:15"
48,2022-03-04,3/4/22,3/4/22 8:18,22-Mar-04 8:18 AM,"Fri March 4, 2022 8:18"
49,2022-02-20,2/20/22,2/20/22 17:40,22-Feb-20 5:40 PM,"Sun February 20, 2022 17:40"
50,2022-10-05,10/5/22,10/5/22 10:37,22-Oct-05 10:37 AM,"Wed October 5, 2022 10:37"
51,2022-07-14,7/14/22,7/14/22 1:27,22-Jul-14 1:27 AM,"Thu July 14, 2022 1:27"
52,2022-07-23,7/23/22,7/23/22 8:20,22-Jul-23 8:20 AM,"Sat July 23, 2022 8:20"
53,2022-01-27,1/27/22,1/27/22 10:22,22-Jan-27 10:22 AM,"Thu January 27, 2022 10:22"
54,2022-11-08,11/8/22,11/8/22 20:34,22-Nov-08 8:34 PM,"Tue November 8, 2022 20:34"
55,2022-01-30,1/30/22,1/30/22 1:30,22-Jan-30 1:30 AM,"Sun January 30, 2022 1:30"
56,2022-10-18,10/18/22,10/18/22 11:58,22-Oct-18 11:58 AM,"Tue October 18, 2022 11:58"
57,2022-01-28,1/28/22,1/28/22 12:56,22-Jan-28 12:56 PM,"Fri January 28, 2022 12:56"
58,2022-07-21,7/21/22,7/21/22 9:49,22-Jul-21 9:49 AM,"Thu July 21, 2022 9:49"
59,2022-02-18,2/18/22,2/18/22 11:36,22-Feb-18 11:36 AM,"Fri February 18, 2022 11:36"
60,2022-11-11,11/11/22,11/11/22 4:46,22-Nov-11 4:46 AM,"Fri November 11, 2022 4:46"
61,2022-01-25,1/25/22,1/25/22 4:30,22-Jan-25 4:30 AM,"Tue January 25, 2022 4:30"
62,2022-10-08,10/8/22,10/8/22 12:02,22-Oct-08 12:02 PM,"Sat October 8, 2022 12:02"
63,2022-10-24,10/24/22,10/24/22 13:09,22-Oct-24 1:09 PM,"Mon October 24, 2022 13:09"
64,2022-11-25,11/25/22,11/25/22 1:32,22-Nov-25 1:32 AM,"Fri November 25, 2022 1:32"
65,2022-01-31,1/31/22,1/31/22 2:29,22-Jan-31 2:29 AM,"Mon January 31, 2022 2:29"
66,2022-10-05,10/5/22,10/5/22 16:40,22-Oct-05 4:40 PM,"Wed October 5, 2022 16:40"
67,2022-09-05,9/5/22,9/5/22 20:25,22-Sep-05 8:25 PM,"Mon September 5, 2022 20:25"
68,2022-08-02,8/2/22,8/2/22 8:37,22-Aug-02 8:37 AM,"Tue August 2, 2022 8:37"
69,2022-08-02,8/2/22,8/2/22 2:54,22-Aug-02 2:54 AM,"Tue August 2, 2022 2:54"
70,2022-07-17,7/17/22,7/17/22 2:40,22-Jul-17 2:40 AM,"Sun July 17, 2022 2:40"
71,2022-06-02,6/2/22,6/2/22 22:40,22-Jun-02 10:40 PM,"Thu June 2, 2022 22:40"
72,2022-05-18,5/18/22,5/18/22 21:44,22-May-18 9:44 PM,"Wed May 18, 2022 21:44"
73,2022-10-03,10/3/22,10/3/22 8:57,22-Oct-03 8:57 AM,"Mon October 3, 2022 8:57"
74,2022-11-02,11/2/22,11/2/22 10:47,22-Nov-02 10:47 AM,"Wed November 2, 2022 10:47"
75,2022-12-30,12/30/22,12/30/22 20:10,22-Dec-30 8:10 PM,"Fri December 30, 2022 20:10"
76,2022-05-19,5/19/22,5/19/22 10:22,22-May-19 10:22 AM,"Thu May 19, 2022 10:22"
77,2022-03-24,3/24/22,3/24/22 18:56,22-Mar-24 6:56 PM,"Thu March 24, 2022 18:56"
78,2022-04-06,4/6/22,4/6/22 18:39,22-Apr-06 6:39 PM,"Wed April 6, 2022 18:39"
79,2022-08-14,8/14/22,8/14/22 13:03,22-Aug-14 1:03 PM,"Sun August 14, 2022 13:03"
80,2022-11-24,11/24/22,11/24/22 11:34,22-Nov-24 11:34 AM,"Thu November 24, 2022 11:34"
81,2022-12-29,12/29/22,12/29/22 19:42,22-Dec-29 7:42 PM,"Thu December 29, 2022 19:42"
82,2022-03-06,3/6/22,3/6/22 1:52,22-Mar-06 1:52 AM,"Sun March 6, 2022 1:52"
83,2022-11-21,11/21/22,11/21/22 9:30,22-Nov-21 9:30 AM,"Mon November 21, 2022 9:30"
84,2022-04-08,4/8/22,4/8/22 15:13,22-Apr-08 3:13 PM,"Fri April 8, 2022 15:13"
85,2022-10-13,10/13/22,10/13/22 11:24,22-Oct-13 11:24 AM,"Thu October 13, 2022 11:24"
86,2022-08-20,8/20/22,8/20/22 15:13,22-Aug-20 3:13 PM,"Sat August 20, 2022 15:13"
87,2022-03-07,3/7/22,3/7/22 1:00,22-Mar-07 1:00 AM,"Mon March 7, 2022 1:00"
88,2022-03-10,3/10/22,3/10/22 2:23,22-Mar-10 2:23 AM,"Thu March 10, 2022 2:23"
89,2022-12-26,12/26/22,12/26/22 8:41,22-Dec-26 8:41 AM,"Mon December 26, 2022 8:41"
90,2022-03-20,3/20/22,3/20/22 11:40,22-Mar-20 11:40 AM,"Sun March 20, 2022 11:40"
91,2022-09-20,9/20/22,9/20/22 1:07,22-Sep-20 1:07 AM,"Tue September 20, 2022 1:07"
92,2022-03-05,3/5/22,3/5/22 19:15,22-Mar-05 7:15 PM,"Sat March 5, 2022 19:15"
93,2022-05-09,5/9/22,5/9/22 21:28,22-May-09 9:28 PM,"Mon May 9, 2022 21:28"
94,2022-05-16,5/16/22,5/16/22 7:28,22-May-16 7:28 AM,"Mon May 16, 2022 7:28"
95,2022-08-08,8/8/22,8/8/22 13:19,22-Aug-08 1:19 PM,"Mon August 8, 2022 13:19"
96,2022-10-27,10/27/22,10/27/22 14:20,22-Oct-27 2:20 PM,"Thu October 27, 2022 14:20"
97,2022-02-24,2/24/22,2/24/22 9:59,22-Feb-24 9:59 AM,"Thu February 24, 2022 9:59"
98,2022-04-19,4/19/22,4/19/22 8:16,22-Apr-19 8:16 AM,"Tue April 19, 2022 8:16"
99,2022-04-14,4/14/22,4/14/22 3:44,22-Apr-14 3:44 AM,"Thu April 14, 2022 3:44"
100,2022-12-22,12/22/22,12/22/22 6:55,22-Dec-22 6:55 AM,"Thu December 22, 2022 6:55"
101,2022-07-15,7/15/22,7/15/22 19:40,22-Jul-15 7:40 PM,"Fri July 15, 2022 19:40"
102,2022-06-26,6/26/22,6/26/22 16:35,22-Jun-26 4:35 PM,"Sun June 26, 2022 16:35"
103,2022-06-25,6/25/22,6/25/22 15:47,22-Jun-25 3:47 PM,"Sat June 25, 2022 15:47"
104,2022-11-09,11/9/22,11/9/22 11:01,22-Nov-09 11:01 AM,"Wed November 9, 2022 11:01"
105,2022-07-25,7/25/22,7/25/22 11:51,22-Jul-25 11:51 AM,"Mon July 25, 2022 11:51"
106,2022-06-27,6/27/22,6/27/22 1:53,22-Jun-27 1:53 AM,"Mon June 27, 2022 1:53"
107,2022-01-18,1/18/22,1/18/22 22:02,22-Jan-18 10:02 PM,"Tue January 18, 2022 22:02"
108,2022-10-30,10/30/22,10/30/22 14:53,22-Oct-30 2:53 PM,"Sun October 30, 2022 14:53"
109,2022-04-01,4/1/22,4/1/22 4:36,22-Apr-01 4:36 AM,"Fri April 1, 2022 4:36"
110,2022-02-02,2/2/22,2/2/22 8:11,22-Feb-02 8:11 AM,"Wed February 2, 2022 8:11"
111,2022-02-24,2/24/22,2/24/22 23:55,22-Feb-24 11:55 PM,"Thu February 24, 2022 23:55"
112,2022-08-28,8/28/22,8/28/22 17:03,22-Aug-28 5:03 PM,"Sun August 28, 2022 17:03"
113,2022-12-24,12/24/22,12/24/22 8:48,22-Dec-24 8:48 AM,"Sat December 24, 2022 8:48"
114,2022-01-29,1/29/22,1/29/22 8:50,22-Jan-29 8:50 AM,"Sat January 29, 2022 8:50"
115,2022-08-16,8/16/22,8/16/22 5:30,22-Aug-16 5:30 AM,"Tue August 16, 2022 5:30"
116,2022-10-22,10/22/22,10/22/22 20:09,22-Oct-22 8:09 PM,"Sat October 22, 2022 20:09"
117,2022-09-25,9/25/22,9/25/22 21:58,22-Sep-25 9:58 PM,"Sun September 25, 2022 21:58"
118,2022-12-05,12/5/22,12/5/22 0:58,22-Dec-05 12:58 AM,"Mon December 5, 2022 0:58"
119,2022-12-30,12/30/22,12/30/22 19:05,22-Dec-30 7:05 PM,"Fri December 30, 2022 19:05"
120,2022-04-13,4/13/22,4/13/22 22:47,22-Apr-13 10:47 PM,"Wed April 13, 2022 22:47"
121,2022-05-24,5/24/22,5/24/22 4:34,22-May-24 4:34 AM,"Tue May 24, 2022 4:34"
122,2022-01-08,1/8/22,1/8/22 14:54,22-Jan-08 2:54 PM,"Sat January 8, 2022 14:54"
123,2022-04-04,4/4/22,4/4/22 8:00,22-Apr-04 8:00 AM,"Mon April 4, 2022 8:00"
124,2022-07-20,7/20/22,7/20/22 23:31,22-Jul-20 11:31 PM,"Wed July 20, 2022 23:31"
125,2022-05-13,5/13/22,5/13/22 11:32,22-May-13 11:32 AM,"Fri May 13, 2022 11:32"
126,2022-12-01,12/1/22,12/1/22 22:18,22-Dec-01 10:18 PM,"Thu December 1, 2022 22:18"
127,2022-06-13,6/13/22,6/13/22 14:29,22-Jun-13 2:29 PM,"Mon June 13, 2022 14:29"
128,2022-08-19,8/19/22,8/19/22 0:39,22-Aug-19 12:39 AM,"Fri August 19, 2022 0:39"
129,2022-07-27,7/27/22,7/27/22 1:23,22-Jul-27 1:23 AM,"Wed July 27, 2022 1:23"
130,2022-09-13,9/13/22,9/13/22 1:52,22-Sep-13 1:52 AM,"Tue September 13, 2022 1:52"
131,2022-04-06,4/6/22,4/6/22 9:15,22-Apr-06 9:15 AM,"Wed April 6, 2022 9:15"
132,2022-08-24,8/24/22,8/24/22 11:59,22-Aug-24 11:59 AM,"Wed August 24, 2022 11:59"
133,2022-09-08,9/8/22,9/8/22 11:36,22-Sep-08 11:36 AM,"Thu September 8, 2022 11:36"
134,2022-01-10,1/10/22,1/10/22 0:40,22-Jan-10 12:40 AM,"Mon January 10, 2022 0:40"
135,2022-11-01,11/1/22,11/1/22 16:55,22-Nov-01 4:55 PM,"Tue November 1, 2022 16:55"
136,2022-09-19,9/19/22,9/19/22 10:39,22-Sep-19 10:39 AM,"Mon September 19, 2022 10:39"
137,2022-10-06,10/6/22,10/6/22 13:56,22-Oct-06 1:56 PM,"Thu October 6, 2022 13:56"
138,2022-04-11,4/11/22,4/11/22 3:51,22-Apr-11 3:51 AM,"Mon April 11, 2022 3:51"
139,2022-12-03,12/3/22,12/3/22 21:18,22-Dec-03 9:18 PM,"Sat December 3, 2022 21:18"
140,2022-08-24,8/24/22,8/24/22 21:28,22-Aug-24 9:28 PM,"Wed August 24, 2022 21:28"
141,2022-12-16,12/16/22,12/16/22 9:04,22-Dec-16 9:04 AM,"Fri December 16, 2022 9:04"
142,2022-06-05,6/5/22,6/5/22 3:00,22-Jun-05 3:00 AM,"Sun June 5, 2022 3:00"
143,2022-05-23,5/23/22,5/23/22 11:46,22-May-23 11:46 AM,"Mon May 23, 2022 11:46"
144,2022-06-11,6/11/22,6/11/22 10:51,22-Jun-11 10:51 AM,"Sat June 11, 2022 10:51"
145,2022-09-13,9/13/22,9/13/22 7:19,22-Sep-13 7:19 AM,"Tue September 13, 2022 7:19"
146,2022-04-29,4/29/22,4/29/22 4:08,22-Apr-29 4:08 AM,"Fri April 29, 2022 4:08"
147,2022-09-28,9/28/22,9/28/22 11:15,22-Sep-28 11:15 AM,"Wed September 28, 2022 11:15"
148,2022-10-12,10/12/22,10/12/22 20:43,22-Oct-12 8:43 PM,"Wed October 12, 2022 20:43"
149,2022-06-20,6/20/22,6/20/22 6:50,22-Jun-20 6:50 AM,"Mon June 20, 2022 6:50"
150,2022-10-30,10/30/22,10/30/22 21:02,22-Oct-30 9:02 PM,"Sun October 30, 2022 21:02"
151,2022-07-28,7/28/22,7/28/22 15:55,22-Jul-28 3:55 PM,"Thu July 28, 2022 15:55"
152,2022-10-27,10/27/22,10/27/22 21:06,22-Oct-27 9:06 PM,"Thu October 27, 2022 21:06"
153,2022-10-29,10/29/22,10/29/22 3:54,22-Oct-29 3:54 AM,"Sat October 29, 2022 3:54"
154,2022-11-11,11/11/22,11/11/22 22:52,22-Nov-11 10:52 PM,"Fri November 11, 2022 22:52"
155,2022-02-22,2/22/22,2/22/22 4:10,22-Feb-22 4:10 AM,"Tue February 22, 2022 4:10"
156,2022-07-15,7/15/22,7/15/22 4:48,22-Jul-15 4:48 AM,"Fri July 15, 2022 4:48"
157,2022-11-30,11/30/22,11/30/22 18:19,22-Nov-30 6:19 PM,"Wed November 30, 2022 18:19"
158,2022-05-28,5/28/22,5/28/22 6:42,22-May-28 6:42 AM,"Sat May 28, 2022 6:42"
159,2022-05-15,5/15/22,5/15/22 7:18,22-May-15 7:18 AM,"Sun May 15, 2022 7:18"
160,2022-12-03,12/3/22,12/3/22 5:28,22-Dec-03 5:28 AM,"Sat December 3, 2022 5:28"
161,2022-03-20,3/20/22,3/20/22 19:17,22-Mar-20 7:17 PM,"Sun March 20, 2022 19:17"
162,2022-01-15,1/15/22,1/15/22 22:35,22-Jan-15 10:35 PM,"Sat January 15, 2022 22:35"
163,2022-11-22,11/22/22,11/22/22 14:01,22-Nov-22 2:01 PM,"Tue November 22, 2022 14:01"
164,2022-06-19,6/19/22,6/19/22 16:52,22-Jun-19 4:52 PM,"Sun June 19, 2022 16:52"
165,2022-07-10,7/10/22,7/10/22 12:03,22-Jul-10 12:03 PM,"Sun July 10, 2022 12:03"
166,2022-09-18,9/18/22,9/18/22 20:02,22-Sep-18 8:02 PM,"Sun September 18, 2022 20:02"
167,2022-07-22,7/22/22,7/22/22 8:49,22-Jul-22 8:49 AM,"Fri July 22, 2022 8:49"
168,2022-06-07,6/7/22,6/7/22 8:04,22-Jun-07 8:04 AM,"Tue June 7, 2022 8:04"
169,2022-07-04,7/4/22,7/4/22 22:39,22-Jul-04 10:39 PM,"Mon July 4, 2022 22:39"
170,2022-01-12,1/12/22,1/12/22 16:38,22-Jan-12 4:38 PM,"Wed January 12, 2022 16:38"
171,2022-09-16,9/16/22,9/16/22 7:59,22-Sep-16 7:59 AM,"Fri September 16, 2022 7:59"
172,2022-10-21,10/21/22,10/21/22 5:34,22-Oct-21 5:34 AM,"Fri October 21, 2022 5:34"
173,2022-01-05,1/5/22,1/5/22 14:22,22-Jan-05 2:22 PM,"Wed January 5, 2022 14:22"
174,2022-05-15,5/15/22,5/15/22 10:59,22-May-15 10:59 AM,"Sun May 15, 2022 10:59"
175,2022-07-25,7/25/22,7/25/22 9:25,22-Jul-25 9:25 AM,"Mon July 25, 2022 9:25"
176,2022-07-13,7/13/22,7/13/22 23:15,22-Jul-13 11:15 PM,"Wed July 13, 2022 23:15"
177,2022-09-14,9/14/22,9/14/22 18:09,22-Sep-14 6:09 PM,"Wed September 14, 2022 18:09"
178,2022-03-28,3/28/22,3/28/22 10:40,22-Mar-28 10:40 AM,"Mon March 28, 2022 10:40"
179,2022-04-28,4/28/22,4/28/22 18:59,22-Apr-28 6:59 PM,"Thu April 28, 2022 18:59"
180,2022-07-31,7/31/22,7/31/22 14:18,22-Jul-31 2:18 PM,"Sun July 31, 2022 14:18"
181,2022-04-14,4/14/22,4/14/22 4:33,22-Apr-14 4:33 AM,"Thu April 14, 2022 4:33"
182,2022-07-18,7/18/22,7/18/22 2:28,22-Jul-18 2:28 AM,"Mon July 18, 2022 2:28"
183,2022-06-28,6/28/22,6/28/22 22:25,22-Jun-28 10:25 PM,"Tue June 28, 2022 22:25"
184,2022-02-09,2/9/22,2/9/22 8:36,22-Feb-09 8:36 AM,"Wed February 9, 2022 8:36"
185,2022-01-29,1/29/22,1/29/22 14:11,22-Jan-29 2:11 PM,"Sat January 29, 2022 14:11"
186,2022-11-01,11/1/22,11/1/22 8:35,22-Nov-01 8:35 AM,"Tue November 1, 2022 8:35"
187,2022-04-13,4/13/22,4/13/22 22:14,22-Apr-13 10:14 PM,"Wed April 13, 2022 22:14"
188,2022-03-22,3/22/22,3/22/22 14:02,22-Mar-22 2:02 PM,"Tue March 22, 2022 14:02"
189,2022-08-09,8/9/22,8/9/22 17:47,22-Aug-09 5:47 PM,"Tue August 9, 2022 17:47"
190,2022-10-11,10/11/22,10/11/22 11:14,22-Oct-11 11:14 AM,"Tue October 11, 2022 11:14"
191,2022-01-09,1/9/22,1/9/22 17:52,22-Jan-09 5:52 PM,"Sun January 9, 2022 17:52"
192,2022-09-02,9/2/22,9/2/22 9:11,22-Sep-02 9:11 AM,"Fri September 2, 2022 9:11"
193,2022-06-01,6/1/22,6/1/22 2:30,22-Jun-01 2:30 AM,"Wed June 1, 2022 2:30"
194,2022-03-05,3/5/22,3/5/22 2:59,22-Mar-05 2:59 AM,"Sat March 5, 2022 2:59"
195,2022-12-26,12/26/22,12/26/22 9:27,22-Dec-26 9:27 AM,"Mon December 26, 2022 9:27"
196,2022-09-24,9/24/22,9/24/22 7:54,22-Sep-24 7:54 AM,"Sat September 24, 2022 7:54"
197,2022-10-24,10/24/22,10/24/22 22:10,22-Oct-24 10:10 PM,"Mon October 24, 2022 22:10"
198,2022-09-29,9/29/22,9/29/22 22:09,22-Sep-29 10:09 PM,"Thu September 29, 2022 22:09"
199,2022-10-10,10/10/22,10/10/22 10:11,22-Oct-10 10:11 AM,"Mon October 10, 2022 10:11"
200,2022-05-01,5/1/22,5/1/22 14:06,22-May-01 2:06 PM,"Sun May 1, 2022 14:06"
201,2022-10-19,10/19/22,10/19/22 4:10,22-Oct-19 4:10 AM,"Wed October 19, 2022 4:10"
202,2022-06-16,6/16/22,6/16/22 2:06,22-Jun-16 2:06 AM,"Thu June 16, 2022 2:06"
203,2022-03-07,3/7/22,3/7/22 2:31,22-Mar-07 2:31 AM,"Mon March 7, 2022 2:31"
204,2022-01-18,1/18/22,1/18/22 5:53,22-Jan-18 5:53 AM,"Tue January 18, 2022 5:53"
205,2022-07-18,7/18/22,7/18/22 8:46,22-Jul-18 8:46 AM,"Mon July 18, 2022 8:46"
206,2022-04-12,4/12/22,4/12/22 17:47,22-Apr-12 5:47 PM,"Tue April 12, 2022 17:47"
207,2022-03-07,3/7/22,3/7/22 21:36,22-Mar-07 9:36 PM,"Mon March 7, 2022 21:36"
208,2022-02-15,2/15/22,2/15/22 16:33,22-Feb-15 4:33 PM,"Tue February 15, 2022 16:33"
209,2022-08-06,8/6/22,8/6/22 8:50,22-Aug-06 8:50 AM,"Sat August 6, 2022 8:50"
210,2022-04-03,4/3/22,4/3/22 17:46,22-Apr-03 5:46 PM,"Sun April 3, 2022 17:46"
211,2022-12-12,12/12/22,12/12/22 18:34,22-Dec-12 6:34 PM,"Mon December 12, 2022 18:34"
212,2022-12-08,12/8/22,12/8/22 18:42,22-Dec-08 6:42 PM,"Thu December 8, 2022 18:42"
213,2022-08-08,8/8/22,8/8/22 15:15,22-Aug-08 3:15 PM,"Mon August 8, 2022 15:15"
214,2022-03-09,3/9/22,3/9/22 18:04,22-Mar-09 6:04 PM,"Wed March 9, 2022 18:04"
215,2022-03-14,3/14/22,3/14/22 14:37,22-Mar-14 2:37 PM,"Mon March 14, 2022 14:37"
216,2022-05-16,5/16/22,5/16/22 12:54,22-May-16 12:54 PM,"Mon May 16, 2022 12:54"
217,2022-06-29,6/29/22,6/29/22 18:01,22-Jun-29 6:01 PM,"Wed June 29, 2022 18:01"
218,2022-06-18,6/18/22,6/18/22 21:33,22-Jun-18 9:33 PM,"Sat June 18, 2022 21:33"
219,2022-11-20,11/20/22,11/20/22 1:13,22-Nov-20 1:13 AM,"Sun November 20, 2022 1:13"
220,2022-09-30,9/30/22,9/30/22 7:49,22-Sep-30 7:49 AM,"Fri September 30, 2022 7:49"
221,2022-06-18,6/18/22,6/18/22 3:11,22-Jun-18 3:11 AM,"Sat June 18, 2022 3:11"
222,2022-04-24,4/24/22,4/24/22 18:10,22-Apr-24 6:10 PM,"Sun April 24, 2022 18:10"
223,2022-05-13,5/13/22,5/13/22 16:14,22-May-13 4:14 PM,"Fri May 13, 2022 16:14"
224,2022-03-09,3/9/22,3/9/22 3:50,22-Mar-09 3:50 AM,"Wed March 9, 2022 3:50"
225,2022-01-01,1/1/22,1/1/22 3:13,22-Jan-01 3:13 AM,"Sat January 1, 2022 3:13"
226,2022-12-24,12/24/22,12/24/22 1:39,22-Dec-24 1:39 AM,"Sat December 24, 2022 1:39"
227,2022-03-12,3/12/22,3/12/22 10:01,22-Mar-12 10:01 AM,"Sat March 12, 2022 10:01"
228,2022-07-21,7/21/22,7/21/22 14:41,22-Jul-21 2:41 PM,"Thu July 21, 2022 14:41"
229,2022-12-01,12/1/22,12/1/22 14:53,22-Dec-01 2:53 PM,"Thu December 1, 2022 14:53"
230,2022-12-30,12/30/22,12/30/22 23:44,22-Dec-30 11:44 PM,"Fri December 30, 2022 23:44"
231,2022-07-24,7/24/22,7/24/22 8:50,22-Jul-24 8:50 AM,"Sun July 24, 2022 8:50"
232,2022-03-31,3/31/22,3/31/22 5:38,22-Mar-31 5:38 AM,"Thu March 31, 2022 5:38"
233,2022-12-22,12/22/22,12/22/22 17:43,22-Dec-22 5:43 PM,"Thu December 22, 2022 17:43"
234,2022-12-18,12/18/22,12/18/22 15:02,22-Dec-18 3:02 PM,"Sun December 18, 2022 15:02"
235,2022-05-14,5/14/22,5/14/22 2:00,22-May-14 2:00 AM,"Sat May 14, 2022 2:00"
236,2022-05-27,5/27/22,5/27/22 1:28,22-May-27 1:28 AM,"Fri May 27, 2022 1:28"
237,2022-01-13,1/13/22,1/13/22 4:35,22-Jan-13 4:35 AM,"Thu January 13, 2022 4:35"
238,2022-10-24,10/24/22,10/24/22 1:23,22-Oct-24 1:23 AM,"Mon October 24, 2022 1:23"
239,2022-09-10,9/10/22,9/10/22 9:51,22-Sep-10 9:51 AM,"Sat September 10, 2022 9:51"
240,2022-08-18,8/18/22,8/18/22 14:17,22-Aug-18 2:17 PM,"Thu August 18, 2022 14:17"
241,2022-10-21,10/21/22,10/21/22 13:47,22-Oct-21 1:47 PM,"Fri October 21, 2022 13:47"
242,2022-04-01,4/1/22,4/1/22 3:23,22-Apr-01 3:23 AM,"Fri April 1, 2022 3:23"
243,2022-06-26,6/26/22,6/26/22 11:36,22-Jun-26 11:36 AM,"Sun June 26, 2022 11:36"
244,2022-10-23,10/23/22,10/23/22 14:04,22-Oct-23 2:04 PM,"Sun October 23, 2022 14:04"
245,2022-01-19,1/19/22,1/19/22 4:28,22-Jan-19 4:28 AM,"Wed January 19, 2022 4:28"
246,2022-03-13,3/13/22,3/13/22 13:03,22-Mar-13 1:03 PM,"Sun March 13, 2022 13:03"
247,2022-01-05,1/5/22,1/5/22 16:09,22-Jan-05 4:09 PM,"Wed January 5, 2022 16:09"
248,2022-02-15,2/15/22,2/15/22 9:25,22-Feb-15 9:25 AM,"Tue February 15, 2022 9:25"
249,2022-07-07,7/7/22,7/7/22 16:41,22-Jul-07 4:41 PM,"Thu July 7, 2022 16:41"
250,2022-08-22,8/22/22,8/22/22 9:08,22-Aug-22 9:08 AM,"Mon August 22, 2022 9:08"
251,2022-02-24,2/24/22,2/24/22 23:51,22-Feb-24 11:51 PM,"Thu February 24, 2022 23:51"
252,2022-11-09,11/9/22,11/9/22 5:59,22-Nov-09 5:59 AM,"Wed November 9, 2022 5:59"
253,2022-09-18,9/18/22,9/18/22 8:43,22-Sep-18 8:43 AM,"Sun September 18, 2022 8:43"
254,2022-05-23,5/23/22,5/23/22 9:50,22-May-23 9:50 AM,"Mon May 23, 2022 9:50"
255,2022-02-14,2/14/22,2/14/22 18:49,22-Feb-14 6:49 PM,"Mon February 14, 2022 18:49"
256,2022-11-10,11/10/22,11/10/22 16:44,22-Nov-10 4:44 PM,"Thu November 10, 2022 16:44"
257,2022-04-27,4/27/22,4/27/22 12:25,22-Apr-27 12:25 PM,"Wed April 27, 2022 12:25"
258,2022-04-07,4/7/22,4/7/22 4:47,22-Apr-07 4:47 AM,"Thu April 7, 2022 4:47"
259,2022-06-02,6/2/22,6/2/22 16:32,22-Jun-02 4:32 PM,"Thu June 2, 2022 16:32"
260,2022-04-07,4/7/22,4/7/22 5:24,22-Apr-07 5:24 AM,"Thu April 7, 2022 5:24"
261,2022-09-13,9/13/22,9/13/22 0:00,22-Sep-13 12:00 AM,"Tue September 13, 2022 0:00"
262,2022-12-07,12/7/22,12/7/22 1:40,22-Dec-07 1:40 AM,"Wed December 7, 2022 1:40"
263,2022-09-06,9/6/22,9/6/22 10:52,22-Sep-06 10:52 AM,"Tue September 6, 2022 10:52"
264,2022-07-09,7/9/22,7/9/22 17:05,22-Jul-09 5:05 PM,"Sat July 9, 2022 17:05"
265,2022-07-24,7/24/22,7/24/22 9:04,22-Jul-24 9:04 AM,"Sun July 24, 2022 9:04"
266,2022-01-20,1/20/22,1/20/22 12:51,22-Jan-20 12:51 PM,"Thu January 20, 2022 12:51"
267,2022-01-26,1/26/22,1/26/22 7:59,22-Jan-26 7:59 AM,"Wed January 26, 2022 7:59"
268,2022-08-31,8/31/22,8/31/22 6:14,22-Aug-31 6:14 AM,"Wed August 31, 2022 6:14"
269,2022-09-21,9/21/22,9/21/22 4:33,22-Sep-21 4:33 AM,"Wed September 21, 2022 4:33"
270,2022-10-18,10/18/22,10/18/22 13:42,22-Oct-18 1:42 PM,"Tue October 18, 2022 13:42"
271,2022-11-29,11/29/22,11/29/22 12:17,22-Nov-29 12:17 PM,"Tue November 29, 2022 12:17"
272,2022-10-15,10/15/22,10/15/22 10:19,22-Oct-15 10:19 AM,"Sat October 15, 2022 10:19"
273,2022-05-21,5/21/22,5/21/22 23:44,22-May-21 11:44 PM,"Sat May 21, 2022 23:44"
274,2022-04-01,4/1/22,4/1/22 16:18,22-Apr-01 4:18 PM,"Fri April 1, 2022 16:18"
275,2022-06-22,6/22/22,6/22/22 3:20,22-Jun-22 3:20 AM,"Wed June 22, 2022 3:20"
276,2022-11-16,11/16/22,11/16/22 18:02,22-Nov-16 6:02 PM,"Wed November 16, 2022 18:02"
277,2022-01-23,1/23/22,1/23/22 21:20,22-Jan-23 9:20 PM,"Sun January 23, 2022 21:20"
278,2022-02-10,2/10/22,2/10/22 2:05,22-Feb-10 2:05 AM,"Thu February 10, 2022 2:05"
279,2022-02-23,2/23/22,2/23/22 4:01,22-Feb-23 4:01 AM,"Wed February 23, 2022 4:01"
280,2022-11-19,11/19/22,11/19/22 13:08,22-Nov-19 1:08 PM,"Sat November 19, 2022 13:08"
281,2022-03-25,3/25/22,3/25/22 3:24,22-Mar-25 3:24 AM,"Fri March 25, 2022 3:24"
282,2022-12-30,12/30/22,12/30/22 15:45,22-Dec-30 3:45 PM,"Fri December 30, 2022 15:45"
283,2022-09-27,9/27/22,9/27/22 8:58,22-Sep-27 8:58 AM,"Tue September 27, 2022 8:58"
284,2022-01-27,1/27/22,1/27/22 21:39,22-Jan-27 9:39 PM,"Thu January 27, 2022 21:39"
285,2022-09-05,9/5/22,9/5/22 13:11,22-Sep-05 1:11 PM,"Mon September 5, 2022 13:11"
286,2022-03-12,3/12/22,3/12/22 9:42,22-Mar-12 9:42 AM,"Sat March 12, 2022 9:42"
287,2022-06-25,6/25/22,6/25/22 2:14,22-Jun-25 2:14 AM,"Sat June 25, 2022 2:14"
288,2022-09-24,9/24/22,9/24/22 19:50,22-Sep-24 7:50 PM,"Sat September 24, 2022 19:50"
289,2022-04-06,4/6/22,4/6/22 23:09,22-Apr-06 11:09 PM,"Wed April 6, 2022 23:09"
290,2022-01-02,1/2/22,1/2/22 7:12,22-Jan-02 7:12 AM,"Sun January 2, 2022 7:12"
291,2022-04-15,4/15/22,4/15/22 7:52,22-Apr-15 7:52 AM,"Fri April 15, 2022 7:52"
292,2022-11-21,11/21/22,11/21/22 7:40,22-Nov-21 7:40 AM,"Mon November 21, 2022 7:40"
293,2022-11-01,11/1/22,11/1/22 13:17,22-Nov-01 1:17 PM,"Tue November 1, 2022 13:17"
294,2022-12-24,12/24/22,12/24/22 11:05,22-Dec-24 11:05 AM,"Sat December 24, 2022 11:05"
295,2022-05-11,5/11/22,5/11/22 22:11,22-May-11 10:11 PM,"Wed May 11, 2022 22:11"
296,2022-01-19,1/19/22,1/19/22 20:44,22-Jan-19 8:44 PM,"Wed January 19, 2022 20:44"
297,2022-11-22,11/22/22,11/22/22 13:18,22-Nov-22 1:18 PM,"Tue November 22, 2022 13:18"
298,2022-11-21,11/21/22,11/21/22 16:42,22-Nov-21 4:42 PM,"Mon November 21, 2022 16:42"
299,2022-12-29,12/29/22,12/29/22 9:28,22-Dec-29 9:28 AM,"Thu December 29, 2022 9:28"
300,2022-05-20,5/20/22,5/20/22 22:44,22-May-20 10:44 PM,"Fri May 20, 2022 22:44"
301,2022-12-09,12/9/22,12/9/22 23:57,22-Dec-09 11:57 PM,"Fri December 9, 2022 23:57"
302,2022-05-07,5/7/22,5/7/22 1:22,22-May-07 1:22 AM,"Sat May 7, 2022 1:22"
303,2022-02-25,2/25/22,2/25/22 19:57,22-Feb-25 7:57 PM,"Fri February 25, 2022 19:57"
304,2022-04-03,4/3/22,4/3/22 21:03,22-Apr-03 9:03 PM,"Sun April 3, 2022 21:03"
305,2022-04-28,4/28/22,4/28/22 14:12,22-Apr-28 2:12 PM,"Thu April 28, 2022 14:12"
306,2022-04-19,4/19/22,4/19/22 18:45,22-Apr-19 6:45 PM,"Tue April 19, 2022 18:45"
307,2022-08-28,8/28/22,8/28/22 9:31,22-Aug-28 9:31 AM,"Sun August 28, 2022 9:31"
308,2022-09-18,9/18/22,9/18/22 19:56,22-Sep-18 7:56 PM,"Sun September 18, 2022 19:56"
309,2022-09-20,9/20/22,9/20/22 4:09,22-Sep-20 4:09 AM,"Tue September 20, 2022 4:09"
310,2022-03-15,3/15/22,3/15/22 10:01,22-Mar-15 10:01 AM,"Tue March 15, 2022 10:01"
311,2022-03-11,3/11/22,3/11/22 22:26,22-Mar-11 10:26 PM,"Fri March 11, 2022 22:26"
312,2022-08-30,8/30/22,8/30/22 12:29,22-Aug-30 12:29 PM,"Tue August 30, 2022 12:29"
313,2022-12-16,12/16/22,12/16/22 9:59,22-Dec-16 9:59 AM,"Fri December 16, 2022 9:59"
314,2022-12-15,12/15/22,12/15/22 19:28,22-Dec-15 7:28 PM,"Thu December 15, 2022 19:28"
315,2022-12-05,12/5/22,12/5/22 22:02,22-Dec-05 10:02 PM,"Mon December 5, 2022 22:02"
316,2022-08-04,8/4/22,8/4/22 2:31,22-Aug-04 2:31 AM,"Thu August 4, 2022 2:31"
317,2022-01-08,1/8/22,1/8/22 7:39,22-Jan-08 7:39 AM,"Sat January 8, 2022 7:39"
318,2022-02-03,2/3/22,2/3/22 21:09,22-Feb-03 9:09 PM,"Thu February 3, 2022 21:09"
319,2022-06-28,6/28/22,6/28/22 22:02,22-Jun-28 10:02 PM,"Tue June 28, 2022 22:02"
320,2022-06-23,6/23/22,6/23/22 7:38,22-Jun-23 7:38 AM,"Thu June 23, 2022 7:38"
321,2022-09-05,9/5/22,9/5/22 3:23,22-Sep-05 3:23 AM,"Mon September 5, 2022 3:23"
322,2022-02-06,2/6/22,2/6/22 5:22,22-Feb-06 5:22 AM,"Sun February 6, 2022 5:22"
323,2022-03-20,3/20/22,3/20/22 15:35,22-Mar-20 3:35 PM,"Sun March 20, 2022 15:35"
324,2022-08-19,8/19/22,8/19/22 21:19,22-Aug-19 9:19 PM,"Fri August 19, 2022 21:19"
325,2022-09-20,9/20/22,9/20/22 9:05,22-Sep-20 9:05 AM,"Tue September 20, 2022 9:05"
326,2022-06-03,6/3/22,6/3/22 18:21,22-Jun-03 6:21 PM,"Fri June 3, 2022 18:21"
327,2022-05-29,5/29/22,5/29/22 11:05,22-May-29 11:05 AM,"Sun May 29, 2022 11:05"
328,2022-01-13,1/13/22,1/13/22 0:59,22-Jan-13 12:59 AM,"Thu January 13, 2022 0:59"
329,2022-07-23,7/23/22,7/23/22 17:48,22-Jul-23 5:48 PM,"Sat July 23, 2022 17:48"
330,2022-06-30,6/30/22,6/30/22 1:12,22-Jun-30 1:12 AM,"Thu June 30, 2022 1:12"
331,2022-02-06,2/6/22,2/6/22 8:57,22-Feb-06 8:57 AM,"Sun February 6, 2022 8:57"
332,2022-08-05,8/5/22,8/5/22 7:36,22-Aug-05 7:36 AM,"Fri August 5, 2022 7:36"
333,2022-08-31,8/31/22,8/31/22 22:42,22-Aug-31 10:42 PM,"Wed August 31, 2022 22:42"
334,2022-02-07,2/7/22,2/7/22 9:39,22-Feb-07 9:39 AM,"Mon February 7, 2022 9:39"
335,2022-08-09,8/9/22,8/9/22 11:36,22-Aug-09 11:36 AM,"Tue August 9, 2022 11:36"
336,2022-09-25,9/25/22,9/25/22 4:01,22-Sep-25 4:01 AM,"Sun September 25, 2022 4:01"
337,2022-01-27,1/27/22,1/27/22 13:45,22-Jan-27 1:45 PM,"Thu January 27, 2022 13:45"
338,2022-01-18,1/18/22,1/18/22 5:45,22-Jan-18 5:45 AM,"Tue January 18, 2022 5:45"
339,2022-01-27,1/27/22,1/27/22 23:43,22-Jan-27 11:43 PM,"Thu January 27, 2022 23:43"
340,2022-06-10,6/10/22,6/10/22 6:32,22-Jun-10 6:32 AM,"Fri June 10, 2022 6:32"
341,2022-10-22,10/22/22,10/22/22 19:12,22-Oct-22 7:12 PM,"Sat October 22, 2022 19:12"
342,2022-10-17,10/17/22,10/17/22 23:08,22-Oct-17 11:08 PM,"Mon October 17, 2022 23:08"
343,2022-06-05,6/5/22,6/5/22 4:30,22-Jun-05 4:30 AM,"Sun June 5, 2022 4:30"
344,2022-08-05,8/5/22,8/5/22 11:36,22-Aug-05 11:36 AM,"Fri August 5, 2022 11:36"
345,2022-10-28,10/28/22,10/28/22 14:16,22-Oct-28 2:16 PM,"Fri October 28, 2022 14:16"
346,2022-01-13,1/13/22,1/13/22 14:24,22-Jan-13 2:24 PM,"Thu January 13, 2022 14:24"
347,2022-08-06,8/6/22,8/6/22 7:51,22-Aug-06 7:51 AM,"Sat August 6, 2022 7:51"
348,2022-04-06,4/6/22,4/6/22 17:13,22-Apr-06 5:13 PM,"Wed April 6, 2022 17:13"
349,2022-07-05,7/5/22,7/5/22 10:39,22-Jul-05 10:39 AM,"Tue July 5, 2022 10:39"
350,2022-01-11,1/11/22,1/11/22 6:50,22-Jan-11 6:50 AM,"Tue January 11, 2022 6:50"
351,2022-06-06,6/6/22,6/6/22 20:49,22-Jun-06 8:49 PM,"Mon June 6, 2022 20:49"
352,2022-04-14,4/14/22,4/14/22 18:54,22-Apr-14 6:54 PM,"Thu April 14, 2022 18:54"
353,2022-02-28,2/28/22,2/28/22 19:09,22-Feb-28 7:09 PM,"Mon February 28, 2022 19:09"
354,2022-04-26,4/26/22,4/26/22 20:33,22-Apr-26 8:33 PM,"Tue April 26, 2022 20:33"
355,2022-09-28,9/28/22,9/28/22 0:49,22-Sep-28 12:49 AM,"Wed September 28, 2022 0:49"
356,2022-12-06,12/6/22,12/6/22 4:04,22-Dec-06 4:04 AM,"Tue December 6, 2022 4:04"
357,2022-07-22,7/22/22,7/22/22 17:46,22-Jul-22 5:46 PM,"Fri July 22, 2022 17:46"
358,2022-01-02,1/2/22,1/2/22 1:59,22-Jan-02 1:59 AM,"Sun January 2, 2022 1:59"
359,2022-06-14,6/14/22,6/14/22 10:11,22-Jun-14 10:11 AM,"Tue June 14, 2022 10:11"
360,2022-10-23,10/23/22,10/23/22 18:47,22-Oct-23 6:47 PM,"Sun October 23, 2022 18:47"
361,2022-03-26,3/26/22,3/26/22 5:01,22-Mar-26 5:01 AM,"Sat March 26, 2022 5:01"
362,2022-08-06,8/6/22,8/6/22 6:11,22-Aug-06 6:11 AM,"Sat August 6, 2022 6:11"
363,2022-01-16,1/16/22,1/16/22 16:42,22-Jan-16 4:42 PM,"Sun January 16, 2022 16:42"
364,2022-10-06,10/6/22,10/6/22 9:08,22-Oct-06 9:08 AM,"Thu October 6, 2022 9:08"
365,2022-03-27,3/27/22,3/27/22 16:19,22-Mar-27 4:19 PM,"Sun March 27, 2022 16:19"
366,2022-06-26,6/26/22,6/26/22 6:15,22-Jun-26 6:15 AM,"Sun June 26, 2022 6:15"
367,2022-04-06,4/6/22,4/6/22 8:38,22-Apr-06 8:38 AM,"Wed April 6, 2022 8:38"
368,2022-03-07,3/7/22,3/7/22 14:20,22-Mar-07 2:20 PM,"Mon March 7, 2022 14:20"
369,2022-02-07,2/7/22,2/7/22 12:54,22-Feb-07 12:54 PM,"Mon February 7, 2022 12:54"
370,2022-03-23,3/23/22,3/23/22 0:34,22-Mar-23 12:34 AM,"Wed March 23, 2022 0:34"
371,2022-10-02,10/2/22,10/2/22 21:02,22-Oct-02 9:02 PM,"Sun October 2, 2022 21:02"
372,2022-08-01,8/1/22,8/1/22 5:44,22-Aug-01 5:44 AM,"Mon August 1, 2022 5:44"
373,2022-10-04,10/4/22,10/4/22 22:12,22-Oct-04 10:12 PM,"Tue October 4, 2022 22:12"
374,2022-11-29,11/29/22,11/29/22 2:06,22-Nov-29 2:06 AM,"Tue November 29, 2022 2:06"
375,2022-01-19,1/19/22,1/19/22 5:51,22-Jan-19 5:51 AM,"Wed January 19, 2022 5:51"
376,2022-05-02,5/2/22,5/2/22 7:11,22-May-02 7:11 AM,"Mon May 2, 2022 7:11"
377,2022-04-28,4/28/22,4/28/22 17:42,22-Apr-28 5:42 PM,"Thu April 28, 2022 17:42"
378,2022-12-27,12/27/22,12/27/22 21:10,22-Dec-27 9:10 PM,"Tue December 27, 2022 21:10"
379,2022-08-17,8/17/22,8/17/22 12:25,22-Aug-17 12:25 PM,"Wed August 17, 2022 12:25"
380,2022-06-03,6/3/22,6/3/22 5:41,22-Jun-03 5:41 AM,"Fri June 3, 2022 5:41"
381,2022-08-28,8/28/22,8/28/22 18:37,22-Aug-28 6:37 PM,"Sun August 28, 2022 18:37"
382,2022-10-20,10/20/22,10/20/22 6:11,22-Oct-20 6:11 AM,"Thu October 20, 2022 6:11"
383,2022-12-01,12/1/22,12/1/22 9:59,22-Dec-01 9:59 AM,"Thu December 1, 2022 9:59"
384,2022-06-21,6/21/22,6/21/22 3:21,22-Jun-21 3:21 AM,"Tue June 21, 2022 3:21"
385,2022-05-13,5/13/22,5/13/22 8:04,22-May-13 8:04 AM,"Fri May 13, 2022 8:04"
386,2022-01-24,1/24/22,1/24/22 20:00,22-Jan-24 8:00 PM,"Mon January 24, 2022 20:00"
387,2022-07-13,7/13/22,7/13/22 12:48,22-Jul-13 12:48 PM,"Wed July 13, 2022 12:48"
388,2022-03-16,3/16/22,3/16/22 7:11,22-Mar-16 7:11 AM,"Wed March 16, 2022 7:11"
389,2022-03-01,3/1/22,3/1/22 9:22,22-Mar-01 9:22 AM,"Tue March 1, 2022 9:22"
390,2022-09-05,9/5/22,9/5/22 21:38,22-Sep-05 9:38 PM,"Mon September 5, 2022 21:38"
391,2022-07-03,7/3/22,7/3/22 16:40,22-Jul-03 4:40 PM,"Sun July 3, 2022 16:40"
392,2022-12-24,12/24/22,12/24/22 9:26,22-Dec-24 9:26 AM,"Sat December 24, 2022 9:26"
393,2022-09-13,9/13/22,9/13/22 10:11,22-Sep-13 10:11 AM,"Tue September 13, 2022 10:11"
394,2022-06-23,6/23/22,6/23/22 10:44,22-Jun-23 10:44 AM,"Thu June 23, 2022 10:44"
395,2022-05-02,5/2/22,5/2/22 21:47,22-May-02 9:47 PM,"Mon May 2, 2022 21:47"
396,2022-12-16,12/16/22,12/16/22 22:51,22-Dec-16 10:51 PM,"Fri December 16, 2022 22:51"
397,2022-07-02,7/2/22,7/2/22 12:31,22-Jul-02 12:31 PM,"Sat July 2, 2022 12:31"
398,2022-05-29,5/29/22,5/29/22 19:41,22-May-29 7:41 PM,"Sun May 29, 2022 19:41"
399,2022-08-06,8/6/22,8/6/22 11:44,22-Aug-06 11:44 AM,"Sat August 6, 2022 11:44"
400,2022-09-10,9/10/22,9/10/22 8:23,22-Sep-10 8:23 AM,"Sat September 10, 2022 8:23"
401,2022-11-28,11/28/22,11/28/22 6:43,22-Nov-28 6:43 AM,"Mon November 28, 2022 6:43"
402,2022-02-25,2/25/22,2/25/22 18:08,22-Feb-25 6:08 PM,"Fri February 25, 2022 18:08"
403,2022-03-15,3/15/22,3/15/22 12:22,22-Mar-15 12:22 PM,"Tue March 15, 2022 12:22"
404,2022-11-11,11/11/22,11/11/22 0:24,22-Nov-11 12:24 AM,"Fri November 11, 2022 0:24"
405,2022-09-05,9/5/22,9/5/22 12:41,22-Sep-05 12:41 PM,"Mon September 5, 2022 12:41"
406,2022-02-27,2/27/22,2/27/22 3:41,22-Feb-27 3:41 AM,"Sun February 27, 2022 3:41"
407,2022-12-29,12/29/22,12/29/22 19:35,22-Dec-29 7:35 PM,"Thu December 29, 2022 19:35"
408,2022-03-23,3/23/22,3/23/22 8:20,22-Mar-23 8:20 AM,"Wed March 23, 2022 8:20"
409,2022-10-17,10/17/22,10/17/22 21:52,22-Oct-17 9:52 PM,"Mon October 17, 2022 21:52"
410,2022-02-05,2/5/22,2/5/22 20:31,22-Feb-05 8:31 PM,"Sat February 5, 2022 20:31"
411,2022-08-03,8/3/22,8/3/22 11:53,22-Aug-03 11:53 AM,"Wed August 3, 2022 11:53"
412,2022-04-27,4/27/22,4/27/22 8:12,22-Apr-27 8:12 AM,"Wed April 27, 2022 8:12"
413,2022-10-19,10/19/22,10/19/22 11:21,22-Oct-19 11:21 AM,"Wed October 19, 2022 11:21"
414,2022-04-21,4/21/22,4/21/22 14:49,22-Apr-21 2:49 PM,"Thu April 21, 2022 14:49"
415,2022-10-18,10/18/22,10/18/22 9:37,22-Oct-18 9:37 AM,"Tue October 18, 2022 9:37"
416,2022-03-14,3/14/22,3/14/22 14:07,22-Mar-14 2:07 PM,"Mon March 14, 2022 14:07"
417,2022-10-28,10/28/22,10/28/22 5:40,22-Oct-28 5:40 AM,"Fri October 28, 2022 5:40"
418,2022-08-28,8/28/22,8/28/22 20:41,22-Aug-28 8:41 PM,"Sun August 28, 2022 20:41"
419,2022-07-15,7/15/22,7/15/22 5:15,22-Jul-15 5:15 AM,"Fri July 15, 2022 5:15"
420,2022-12-29,12/29/22,12/29/22 5:44,22-Dec-29 5:44 AM,"Thu December 29, 2022 5:44"
421,2022-11-05,11/5/22,11/5/22 10:51,22-Nov-05 10:51 AM,"Sat November 5, 2022 10:51"
422,2022-12-30,12/30/22,12/30/22 8:37,22-Dec-30 8:37 AM,"Fri December 30, 2022 8:37"
423,2022-02-03,2/3/22,2/3/22 16:29,22-Feb-03 4:29 PM,"Thu February 3, 2022 16:29"
424,2022-04-09,4/9/22,4/9/22 4:51,22-Apr-09 4:51 AM,"Sat April 9, 2022 4:51"
425,2022-02-08,2/8/22,2/8/22 16:20,22-Feb-08 4:20 PM,"Tue February 8, 2022 16:20"
426,2022-01-13,1/13/22,1/13/22 3:18,22-Jan-13 3:18 AM,"Thu January 13, 2022 3:18"
427,2022-01-19,1/19/22,1/19/22 16:17,22-Jan-19 4:17 PM,"Wed January 19, 2022 16:17"
428,2022-01-08,1/8/22,1/8/22 10:27,22-Jan-08 10:27 AM,"Sat January 8, 2022 10:27"
429,2022-02-04,2/4/22,2/4/22 23:26,22-Feb-04 11:26 PM,"Fri February 4, 2022 23:26"
430,2022-02-10,2/10/22,2/10/22 3:35,22-Feb-10 3:35 AM,"Thu February 10, 2022 3:35"
431,2022-10-29,10/29/22,10/29/22 20:14,22-Oct-29 8:14 PM,"Sat October 29, 2022 20:14"
432,2022-10-14,10/14/22,10/14/22 15:28,22-Oct-14 3:28 PM,"Fri October 14, 2022 15:28"
433,2022-11-23,11/23/22,11/23/22 20:27,22-Nov-23 8:27 PM,"Wed November 23, 2022 20:27"
434,2022-03-28,3/28/22,3/28/22 14:54,22-Mar-28 2:54 PM,"Mon March 28, 2022 14:54"
435,2022-03-01,3/1/22,3/1/22 2:22,22-Mar-01 2:22 AM,"Tue March 1, 2022 2:22"
436,2022-05-01,5/1/22,5/1/22 17:32,22-May-01 5:32 PM,"Sun May 1, 2022 17:32"
437,2022-12-10,12/10/22,12/10/22 11:16,22-Dec-10 11:16 AM,"Sat December 10, 2022 11:16"
438,2022-01-26,1/26/22,1/26/22 13:07,22-Jan-26 1:07 PM,"Wed January 26, 2022 13:07"
439,2022-03-27,3/27/22,3/27/22 3:59,22-Mar-27 3:59 AM,"Sun March 27, 2022 3:59"
440,2022-02-08,2/8/22,2/8/22 6:18,22-Feb-08 6:18 AM,"Tue February 8, 2022 6:18"
441,2022-10-08,10/8/22,10/8/22 16:54,22-Oct-08 4:54 PM,"Sat October 8, 2022 16:54"
442,2022-03-26,3/26/22,3/26/22 6:58,22-Mar-26 6:58 AM,"Sat March 26, 2022 6:58"
443,2022-05-28,5/28/22,5/28/22 2:27,22-May-28 2:27 AM,"Sat May 28, 2022 2:27"
444,2022-11-29,11/29/22,11/29/22 12:44,22-Nov-29 12:44 PM,"Tue November 29, 2022 12:44"
445,2022-09-29,9/29/22,9/29/22 2:25,22-Sep-29 2:25 AM,"Thu September 29, 2022 2:25"
446,2022-11-05,11/5/22,11/5/22 9:11,22-Nov-05 9:11 AM,"Sat November 5, 2022 9:11"
447,2022-07-20,7/20/22,7/20/22 12:20,22-Jul-20 12:20 PM,"Wed July 20, 2022 12:20"
448,2022-05-06,5/6/22,5/6/22 11:13,22-May-06 11:13 AM,"Fri May 6, 2022 11:13"
449,2022-11-13,11/13/22,11/13/22 17:32,22-Nov-13 5:32 PM,"Sun November 13, 2022 17:32"
450,2022-09-10,9/10/22,9/10/22 18:00,22-Sep-10 6:00 PM,"Sat September 10, 2022 18:00"
451,2022-02-24,2/24/22,2/24/22 12:02,22-Feb-24 12:02 PM,"Thu February 24, 2022 12:02"
452,2022-05-01,5/1/22,5/1/22 17:10,22-May-01 5:10 PM,"Sun May 1, 2022 17:10"
453,2022-07-21,7/21/22,7/21/22 4:16,22-Jul-21 4:16 AM,"Thu July 21, 2022 4:16"
454,2022-07-24,7/24/22,7/24/22 9:51,22-Jul-24 9:51 AM,"Sun July 24, 2022 9:51"
455,2022-04-10,4/10/22,4/10/22 16:53,22-Apr-10 4:53 PM,"Sun April 10, 2022 16:53"
456,2022-02-11,2/11/22,2/11/22 16:05,22-Feb-11 4:05 PM,"Fri February 11, 2022 16:05"
457,2022-05-24,5/24/22,5/24/22 23:46,22-May-24 11:46 PM,"Tue May 24, 2022 23:46"
458,2022-05-05,5/5/22,5/5/22 6:24,22-May-05 6:24 AM,"Thu May 5, 2022 6:24"
459,2022-01-11,1/11/22,1/11/22 21:46,22-Jan-11 9:46 PM,"Tue January 11, 2022 21:46"
460,2022-09-17,9/17/22,9/17/22 11:07,22-Sep-17 11:07 AM,"Sat September 17, 2022 11:07"
461,2022-11-05,11/5/22,11/5/22 14:55,22-Nov-05 2:55 PM,"Sat November 5, 2022 14:55"
462,2022-12-24,12/24/22,12/24/22 20:48,22-Dec-24 8:48 PM,"Sat December 24, 2022 20:48"
463,2022-08-19,8/19/22,8/19/22 4:08,22-Aug-19 4:08 AM,"Fri August 19, 2022 4:08"
464,2022-04-24,4/24/22,4/24/22 18:12,22-Apr-24 6:12 PM,"Sun April 24, 2022 18:12"
465,2022-01-08,1/8/22,1/8/22 7:11,22-Jan-08 7:11 AM,"Sat January 8, 2022 7:11"
466,2022-09-12,9/12/22,9/12/22 14:05,22-Sep-12 2:05 PM,"Mon September 12, 2022 14:05"
467,2022-11-03,11/3/22,11/3/22 21:09,22-Nov-03 9:09 PM,"Thu November 3, 2022 21:09"
468,2022-05-11,5/11/22,5/11/22 4:02,22-May-11 4:02 AM,"Wed May 11, 2022 4:02"
469,2022-03-07,3/7/22,3/7/22 3:42,22-Mar-07 3:42 AM,"Mon March 7, 2022 3:42"
470,2022-11-19,11/19/22,11/19/22 13:44,22-Nov-19 1:44 PM,"Sat November 19, 2022 13:44"
471,2022-02-10,2/10/22,2/10/22 9:36,22-Feb-10 9:36 AM,"Thu February 10, 2022 9:36"
472,2022-07-21,7/21/22,7/21/22 22:43,22-Jul-21 10:43 PM,"Thu July 21, 2022 22:43"
473,2022-09-01,9/1/22,9/1/22 17:25,22-Sep-01 5:25 PM,"Thu September 1, 2022 17:25"
474,2022-12-22,12/22/22,12/22/22 9:17,22-Dec-22 9:17 AM,"Thu December 22, 2022 9:17"
475,2022-07-26,7/26/22,7/26/22 14:58,22-Jul-26 2:58 PM,"Tue July 26, 2022 14:58"
476,2022-11-19,11/19/22,11/19/22 6:20,22-Nov-19 6:20 AM,"Sat November 19, 2022 6:20"
477,2022-05-05,5/5/22,5/5/22 4:22,22-May-05 4:22 AM,"Thu May 5, 2022 4:22"
478,2022-06-06,6/6/22,6/6/22 10:20,22-Jun-06 10:20 AM,"Mon June 6, 2022 10:20"
479,2022-07-29,7/29/22,7/29/22 11:25,22-Jul-29 11:25 AM,"Fri July 29, 2022 11:25"
480,2022-06-01,6/1/22,6/1/22 23:33,22-Jun-01 11:33 PM,"Wed June 1, 2022 23:33"
481,2022-04-18,4/18/22,4/18/22 14:07,22-Apr-18 2:07 PM,"Mon April 18, 2022 14:07"
482,2022-09-03,9/3/22,9/3/22 3:21,22-Sep-03 3:21 AM,"Sat September 3, 2022 3:21"
483,2022-09-30,9/30/22,9/30/22 3:05,22-Sep-30 3:05 AM,"Fri September 30, 2022 3:05"
484,2022-11-09,11/9/22,11/9/22 16:52,22-Nov-09 4:52 PM,"Wed November 9, 2022 16:52"
485,2022-06-11,6/11/22,6/11/22 3:08,22-Jun-11 3:08 AM,"Sat June 11, 2022 3:08"
486,2022-10-31,10/31/22,10/31/22 5:12,22-Oct-31 5:12 AM,"Mon October 31, 2022 5:12"
487,2022-08-11,8/11/22,8/11/22 22:27,22-Aug-11 10:27 PM,"Thu August 11, 2022 22:27"
488,2022-10-25,10/25/22,10/25/22 14:37,22-Oct-25 2:37 PM,"Tue October 25, 2022 14:37"
489,2022-08-23,8/23/22,8/23/22 8:35,22-Aug-23 8:35 AM,"Tue August 23, 2022 8:35"
490,2022-05-18,5/18/22,5/18/22 13:13,22-May-18 1:13 PM,"Wed May 18, 2022 13:13"
491,2022-11-05,11/5/22,11/5/22 11:01,22-Nov-05 11:01 AM,"Sat November 5, 2022 11:01"
492,2022-02-13,2/13/22,2/13/22 5:52,22-Feb-13 5:52 AM,"Sun February 13, 2022 5:52"
493,2022-10-13,10/13/22,10/13/22 22:02,22-Oct-13 10:02 PM,"Thu October 13, 2022 22:02"
494,2022-08-14,8/14/22,8/14/22 5:20,22-Aug-14 5:20 AM,"Sun August 14, 2022 5:20"
495,2022-07-06,7/6/22,7/6/22 0:19,22-Jul-06 12:19 AM,"Wed July 6, 2022 0:19"
496,2022-12-31,12/31/22,12/31/22 10:12,22-Dec-31 10:12 AM,"Sat December 31, 2022 10:12"
497,2022-09-06,9/6/22,9/6/22 17:21,22-Sep-06 5:21 PM,"Tue September 6, 2022 17:21"
498,2022-08-03,8/3/22,8/3/22 17:42,22-Aug-03 5:42 PM,"Wed August 3, 2022 17:42"
499,2022-05-28,5/28/22,5/28/22 11:45,22-May-28 11:45 AM,"Sat May 28, 2022 11:45"
500,2022-04-11,4/11/22,4/11/22 19:56,22-Apr-11 7:56 PM,"Mon April 11, 2022 19:56"
501,2022-10-12,10/12/22,10/12/22 3:18,22-Oct-12 3:18 AM,"Wed October 12, 2022 3:18"
502,2022-08-31,8/31/22,8/31/22 22:44,22-Aug-31 10:44 PM,"Wed August 31, 2022 22:44"
503,2022-08-12,8/12/22,8/12/22 14:28,22-Aug-12 2:28 PM,"Fri August 12, 2022 14:28"
504,2022-01-08,1/8/22,1/8/22 23:13,22-Jan-08 11:13 PM,"Sat January 8, 2022 23:13"
505,2022-02-03,2/3/22,2/3/22 16:18,22-Feb-03 4:18 PM,"Thu February 3, 2022 16:18"
506,2022-03-31,3/31/22,3/31/22 9:39,22-Mar-31 9:39 AM,"Thu March 31, 2022 9:39"
507,2022-03-29,3/29/22,3/29/22 22:16,22-Mar-29 10:16 PM,"Tue March 29, 2022 22:16"
508,2022-12-04,12/4/22,12/4/22 10:48,22-Dec-04 10:48 AM,"Sun December 4, 2022 10:48"
509,2022-03-26,3/26/22,3/26/22 20:23,22-Mar-26 8:23 PM,"Sat March 26, 2022 20:23"
510,2022-08-11,8/11/22,8/11/22 17:26,22-Aug-11 5:26 PM,"Thu August 11, 2022 17:26"
511,2022-08-05,8/5/22,8/5/22 10:13,22-Aug-05 10:13 AM,"Fri August 5, 2022 10:13"
512,2022-04-19,4/19/22,4/19/22 3:46,22-Apr-19 3:46 AM,"Tue April 19, 2022 3:46"
513,2022-04-12,4/12/22,4/12/22 7:55,22-Apr-12 7:55 AM,"Tue April 12, 2022 7:55"
514,2022-02-21,2/21/22,2/21/22 12:46,22-Feb-21 12:46 PM,"Mon February 21, 2022 12:46"
515,2022-02-05,2/5/22,2/5/22 14:16,22-Feb-05 2:16 PM,"Sat February 5, 2022 14:16"
516,2022-12-19,12/19/22,12/19/22 23:22,22-Dec-19 11:22 PM,"Mon December 19, 2022 23:22"
517,2022-05-27,5/27/22,5/27/22 15:47,22-May-27 3:47 PM,"Fri May 27, 2022 15:47"
518,2022-11-20,11/20/22,11/20/22 15:10,22-Nov-20 3:10 PM,"Sun November 20, 2022 15:10"
519,2022-03-14,3/14/22,3/14/22 10:46,22-Mar-14 10:46 AM,"Mon March 14, 2022 10:46"
520,2022-11-30,11/30/22,11/30/22 22:50,22-Nov-30 10:50 PM,"Wed November 30, 2022 22:50"
521,2022-02-01,2/1/22,2/1/22 18:45,22-Feb-01 6:45 PM,"Tue February 1, 2022 18:45"
522,2022-08-11,8/11/22,8/11/22 20:45,22-Aug-11 8:45 PM,"Thu August 11, 2022 20:45"
523,2022-03-08,3/8/22,3/8/22 19:48,22-Mar-08 7:48 PM,"Tue March 8, 2022 19:48"
524,2022-09-26,9/26/22,9/26/22 11:53,22-Sep-26 11:53 AM,"Mon September 26, 2022 11:53"
525,2022-09-27,9/27/22,9/27/22 17:31,22-Sep-27 5:31 PM,"Tue September 27, 2022 17:31"
526,2022-10-28,10/28/22,10/28/22 16:18,22-Oct-28 4:18 PM,"Fri October 28, 2022 16:18"
527,2022-08-05,8/5/22,8/5/22 19:57,22-Aug-05 7:57 PM,"Fri August 5, 2022 19:57"
528,2022-03-07,3/7/22,3/7/22 21:49,22-Mar-07 9:49 PM,"Mon March 7, 2022 21:49"
529,2022-08-25,8/25/22,8/25/22 18:04,22-Aug-25 6:04 PM,"Thu August 25, 2022 18:04"
530,2022-07-31,7/31/22,7/31/22 11:27,22-Jul-31 11:27 AM,"Sun July 31, 2022 11:27"
531,2022-07-23,7/23/22,7/23/22 18:32,22-Jul-23 6:32 PM,"Sat July 23, 2022 18:32"
532,2022-05-24,5/24/22,5/24/22 7:06,22-May-24 7:06 AM,"Tue May 24, 2022 7:06"
533,2022-04-11,4/11/22,4/11/22 8:29,22-Apr-11 8:29 AM,"Mon April 11, 2022 8:29"
534,2022-08-03,8/3/22,8/3/22 15:36,22-Aug-03 3:36 PM,"Wed August 3, 2022 15:36"
535,2022-01-28,1/28/22,1/28/22 15:40,22-Jan-28 3:40 PM,"Fri January 28, 2022 15:40"
536,2022-07-09,7/9/22,7/9/22 6:53,22-Jul-09 6:53 AM,"Sat July 9, 2022 6:53"
537,2022-11-26,11/26/22,11/26/22 0:46,22-Nov-26 12:46 AM,"Sat November 26, 2022 0:46"
538,2022-07-16,7/16/22,7/16/22 10:56,22-Jul-16 10:56 AM,"Sat July 16, 2022 10:56"
539,2022-03-14,3/14/22,3/14/22 22:41,22-Mar-14 10:41 PM,"Mon March 14, 2022 22:41"
540,2022-03-13,3/13/22,3/13/22 11:13,22-Mar-13 11:13 AM,"Sun March 13, 2022 11:13"
541,2022-08-03,8/3/22,8/3/22 11:54,22-Aug-03 11:54 AM,"Wed August 3, 2022 11:54"
542,2022-09-15,9/15/22,9/15/22 22:31,22-Sep-15 10:31 PM,"Thu September 15, 2022 22:31"
543,2022-01-06,1/6/22,1/6/22 7:50,22-Jan-06 7:50 AM,"Thu January 6, 2022 7:50"
544,2022-02-19,2/19/22,2/19/22 22:39,22-Feb-19 10:39 PM,"Sat February 19, 2022 22:39"
545,2022-01-18,1/18/22,1/18/22 12:34,22-Jan-18 12:34 PM,"Tue January 18, 2022 12:34"
546,2022-04-18,4/18/22,4/18/22 4:58,22-Apr-18 4:58 AM,"Mon April 18, 2022 4:58"
547,2022-11-27,11/27/22,11/27/22 4:36,22-Nov-27 4:36 AM,"Sun November 27, 2022 4:36"
548,2022-03-02,3/2/22,3/2/22 20:32,22-Mar-02 8:32 PM,"Wed March 2, 2022 20:32"
549,2022-11-12,11/12/22,11/12/22 1:42,22-Nov-12 1:42 AM,"Sat November 12, 2022 1:42"
550,2022-12-28,12/28/22,12/28/22 18:28,22-Dec-28 6:28 PM,"Wed December 28, 2022 18:28"
551,2022-04-20,4/20/22,4/20/22 21:39,22-Apr-20 9:39 PM,"Wed April 20, 2022 21:39"
552,2022-03-27,3/27/22,3/27/22 10:56,22-Mar-27 10:56 AM,"Sun March 27, 2022 10:56"
553,2022-07-02,7/2/22,7/2/22 8:31,22-Jul-02 8:31 AM,"Sat July 2, 2022 8:31"
554,2022-04-02,4/2/22,4/2/22 5:44,22-Apr-02 5:44 AM,"Sat April 2, 2022 5:44"
555,2022-09-21,9/21/22,9/21/22 4:14,22-Sep-21 4:14 AM,"Wed September 21, 2022 4:14"
556,2022-06-08,6/8/22,6/8/22 12:40,22-Jun-08 12:40 PM,"Wed June 8, 2022 12:40"
557,2022-09-13,9/13/22,9/13/22 12:23,22-Sep-13 12:23 PM,"Tue September 13, 2022 12:23"
558,2022-11-07,11/7/22,11/7/22 7:26,22-Nov-07 7:26 AM,"Mon November 7, 2022 7:26"
559,2022-08-12,8/12/22,8/12/22 22:14,22-Aug-12 10:14 PM,"Fri August 12, 2022 22:14"
560,2022-10-27,10/27/22,10/27/22 11:54,22-Oct-27 11:54 AM,"Thu October 27, 2022 11:54"
561,2022-12-05,12/5/22,12/5/22 6:45,22-Dec-05 6:45 AM,"Mon December 5, 2022 6:45"
562,2022-01-17,1/17/22,1/17/22 6:36,22-Jan-17 6:36 AM,"Mon January 17, 2022 6:36"
563,2022-07-18,7/18/22,7/18/22 7:07,22-Jul-18 7:07 AM,"Mon July 18, 2022 7:07"
564,2022-12-02,12/2/22,12/2/22 16:36,22-Dec-02 4:36 PM,"Fri December 2, 2022 16:36"
565,2022-11-22,11/22/22,11/22/22 14:01,22-Nov-22 2:01 PM,"Tue November 22, 2022 14:01"
566,2022-07-24,7/24/22,7/24/22 16:36,22-Jul-24 4:36 PM,"Sun July 24, 2022 16:36"
567,2022-10-04,10/4/22,10/4/22 1:07,22-Oct-04 1:07 AM,"Tue October 4, 2022 1:07"
568,2022-11-08,11/8/22,11/8/22 22:33,22-Nov-08 10:33 PM,"Tue November 8, 2022 22:33"
569,2022-05-16,5/16/22,5/16/22 21:50,22-May-16 9:50 PM,"Mon May 16, 2022 21:50"
570,2022-01-12,1/12/22,1/12/22 20:31,22-Jan-12 8:31 PM,"Wed January 12, 2022 20:31"
571,2022-08-31,8/31/22,8/31/22 4:51,22-Aug-31 4:51 AM,"Wed August 31, 2022 4:51"
572,2022-01-16,1/16/22,1/16/22 11:51,22-Jan-16 11:51 AM,"Sun January 16, 2022 11:51"
573,2022-10-25,10/25/22,10/25/22 7:55,22-Oct-25 7:55 AM,"Tue October 25, 2022 7:55"
574,2022-07-22,7/22/22,7/22/22 22:25,22-Jul-22 10:25 PM,"Fri July 22, 2022 22:25"
575,2022-07-17,7/17/22,7/17/22 4:54,22-Jul-17 4:54 AM,"Sun July 17, 2022 4:54"
576,2022-08-29,8/29/22,8/29/22 3:05,22-Aug-29 3:05 AM,"Mon August 29, 2022 3:05"
577,2022-06-01,6/1/22,6/1/22 5:55,22-Jun-01 5:55 AM,"Wed June 1, 2022 5:55"
578,2022-05-03,5/3/22,5/3/22 20:30,22-May-03 8:30 PM,"Tue May 3, 2022 20:30"
579,2022-12-22,12/22/22,12/22/22 13:10,22-Dec-22 1:10 PM,"Thu December 22, 2022 13:10"
580,2022-08-28,8/28/22,8/28/22 21:11,22-Aug-28 9:11 PM,"Sun August 28, 2022 21:11"
581,2022-01-01,1/1/22,1/1/22 18:10,22-Jan-01 6:10 PM,"Sat January 1, 2022 18:10"
582,2022-12-23,12/23/22,12/23/22 20:40,22-Dec-23 8:40 PM,"Fri December 23, 2022 20:40"
583,2022-04-13,4/13/22,4/13/22 2:04,22-Apr-13 2:04 AM,"Wed April 13, 2022 2:04"
584,2022-05-27,5/27/22,5/27/22 5:12,22-May-27 5:12 AM,"Fri May 27, 2022 5:12"
585,2022-10-12,10/12/22,10/12/22 15:54,22-Oct-12 3:54 PM,"Wed October 12, 2022 15:54"
586,2022-12-21,12/21/22,12/21/22 0:31,22-Dec-21 12:31 AM,"Wed December 21, 2022 0:31"
587,2022-02-24,2/24/22,2/24/22 15:50,22-Feb-24 3:50 PM,"Thu February 24, 2022 15:50"
588,2022-07-29,7/29/22,7/29/22 3:23,22-Jul-29 3:23 AM,"Fri July 29, 2022 3:23"
589,2022-10-12,10/12/22,10/12/22 15:09,22-Oct-12 3:09 PM,"Wed October 12, 2022 15:09"
590,2022-04-16,4/16/22,4/16/22 8:12,22-Apr-16 8:12 AM,"Sat April 16, 2022 8:12"
591,2022-03-28,3/28/22,3/28/22 4:41,22-Mar-28 4:41 AM,"Mon March 28, 2022 4:41"
592,2022-03-14,3/14/22,3/14/22 13:12,22-Mar-14 1:12 PM,"Mon March 14, 2022 13:12"
593,2022-06-18,6/18/22,6/18/22 17:48,22-Jun-18 5:48 PM,"Sat June 18, 2022 17:48"
594,2022-07-30,7/30/22,7/30/22 10:04,22-Jul-30 10:04 AM,"Sat July 30, 2022 10:04"
595,2022-07-05,7/5/22,7/5/22 13:13,22-Jul-05 1:13 PM,"Tue July 5, 2022 13:13"
596,2022-09-14,9/14/22,9/14/22 11:13,22-Sep-14 11:13 AM,"Wed September 14, 2022 11:13"
597,2022-01-29,1/29/22,1/29/22 14:41,22-Jan-29 2:41 PM,"Sat January 29, 2022 14:41"
598,2022-08-02,8/2/22,8/2/22 14:03,22-Aug-02 2:03 PM,"Tue August 2, 2022 14:03"
599,2022-04-23,4/23/22,4/23/22 14:59,22-Apr-23 2:59 PM,"Sat April 23, 2022 14:59"
600,2022-06-25,6/25/22,6/25/22 18:28,22-Jun-25 6:28 PM,"Sat June 25, 2022 18:28"
601,2022-02-16,2/16/22,2/16/22 9:23,22-Feb-16 9:23 AM,"Wed February 16, 2022 9:23"
602,2022-12-09,12/9/22,12/9/22 17:33,22-Dec-09 5:33 PM,"Fri December 9, 2022 17:33"
603,2022-10-17,10/17/22,10/17/22 19:47,22-Oct-17 7:47 PM,"Mon October 17, 2022 19:47"
604,2022-08-06,8/6/22,8/6/22 1:01,22-Aug-06 1:01 AM,"Sat August 6, 2022 1:01"
605,2022-12-23,12/23/22,12/23/22 21:25,22-Dec-23 9:25 PM,"Fri December 23, 2022 21:25"
606,2022-10-02,10/2/22,10/2/22 8:08,22-Oct-02 8:08 AM,"Sun October 2, 2022 8:08"
607,2022-04-10,4/10/22,4/10/22 5:42,22-Apr-10 5:42 AM,"Sun April 10, 2022 5:42"
608,2022-10-01,10/1/22,10/1/22 15:32,22-Oct-01 3:32 PM,"Sat October 1, 2022 15:32"
609,2022-05-07,5/7/22,5/7/22 17:12,22-May-07 5:12 PM,"Sat May 7, 2022 17:12"
610,2022-01-21,1/21/22,1/21/22 22:50,22-Jan-21 10:50 PM,"Fri January 21, 2022 22:50"
611,2022-10-06,10/6/22,10/6/22 9:52,22-Oct-06 9:52 AM,"Thu October 6, 2022 9:52"
612,2022-05-21,5/21/22,5/21/22 22:55,22-May-21 10:55 PM,"Sat May 21, 2022 22:55"
613,2022-01-30,1/30/22,1/30/22 18:49,22-Jan-30 6:49 PM,"Sun January 30, 2022 18:49"
614,2022-10-16,10/16/22,10/16/22 2:14,22-Oct-16 2:14 AM,"Sun October 16, 2022 2:14"
615,2022-02-18,2/18/22,2/18/22 9:21,22-Feb-18 9:21 AM,"Fri February 18, 2022 9:21"
616,2022-10-14,10/14/22,10/14/22 23:04,22-Oct-14 11:04 PM,"Fri October 14, 2022 23:04"
617,2022-04-30,4/30/22,4/30/22 8:09,22-Apr-30 8:09 AM,"Sat April 30, 2022 8:09"
618,2022-03-31,3/31/22,3/31/22 0:11,22-Mar-31 12:11 AM,"Thu March 31, 2022 0:11"
619,2022-12-22,12/22/22,12/22/22 12:45,22-Dec-22 12:45 PM,"Thu December 22, 2022 12:45"
620,2022-03-28,3/28/22,3/28/22 17:51,22-Mar-28 5:51 PM,"Mon March 28, 2022 17:51"
621,2022-06-10,6/10/22,6/10/22 13:57,22-Jun-10 1:57 PM,"Fri June 10, 2022 13:57"
622,2022-07-29,7/29/22,7/29/22 20:45,22-Jul-29 8:45 PM,"Fri July 29, 2022 20:45"
623,2022-08-08,8/8/22,8/8/22 4:11,22-Aug-08 4:11 AM,"Mon August 8, 2022 4:11"
624,2022-12-31,12/31/22,12/31/22 3:35,22-Dec-31 3:35 AM,"Sat December 31, 2022 3:35"
625,2022-05-07,5/7/22,5/7/22 19:21,22-May-07 7:21 PM,"Sat May 7, 2022 19:21"
626,2022-08-02,8/2/22,8/2/22 9:06,22-Aug-02 9:06 AM,"Tue August 2, 2022 9:06"
627,2022-04-03,4/3/22,4/3/22 9:48,22-Apr-03 9:48 AM,"Sun April 3, 2022 9:48"
628,2022-04-20,4/20/22,4/20/22 14:54,22-Apr-20 2:54 PM,"Wed April 20, 2022 14:54"
629,2022-07-07,7/7/22,7/7/22 10:44,22-Jul-07 10:44 AM,"Thu July 7, 2022 10:44"
630,2022-06-28,6/28/22,6/28/22 2:27,22-Jun-28 2:27 AM,"Tue June 28, 2022 2:27"
631,2022-12-19,12/19/22,12/19/22 23:07,22-Dec-19 11:07 PM,"Mon December 19, 2022 23:07"
632,2022-05-23,5/23/22,5/23/22 17:08,22-May-23 5:08 PM,"Mon May 23, 2022 17:08"
633,2022-05-10,5/10/22,5/10/22 15:39,22-May-10 3:39 PM,"Tue May 10, 2022 15:39"
634,2022-06-26,6/26/22,6/26/22 8:20,22-Jun-26 8:20 AM,"Sun June 26, 2022 8:20"
635,2022-05-19,5/19/22,5/19/22 4:31,22-May-19 4:31 AM,"Thu May 19, 2022 4:31"
636,2022-12-14,12/14/22,12/14/22 1:30,22-Dec-14 1:30 AM,"Wed December 14, 2022 1:30"
637,2022-05-28,5/28/22,5/28/22 1:17,22-May-28 1:17 AM,"Sat May 28, 2022 1:17"
638,2022-04-11,4/11/22,4/11/22 18:01,22-Apr-11 6:01 PM,"Mon April 11, 2022 18:01"
639,2022-07-07,7/7/22,7/7/22 11:10,22-Jul-07 11:10 AM,"Thu July 7, 2022 11:10"
640,2022-08-16,8/16/22,8/16/22 23:47,22-Aug-16 11:47 PM,"Tue August 16, 2022 23:47"
641,2022-01-16,1/16/22,1/16/22 9:00,22-Jan-16 9:00 AM,"Sun January 16, 2022 9:00"
642,2022-08-07,8/7/22,8/7/22 9:32,22-Aug-07 9:32 AM,"Sun August 7, 2022 9:32"
643,2022-01-05,1/5/22,1/5/22 10:05,22-Jan-05 10:05 AM,"Wed January 5, 2022 10:05"
644,2022-08-24,8/24/22,8/24/22 12:10,22-Aug-24 12:10 PM,"Wed August 24, 2022 12:10"
645,2022-05-28,5/28/22,5/28/22 11:55,22-May-28 11:55 AM,"Sat May 28, 2022 11:55"
646,2022-12-20,12/20/22,12/20/22 13:50,22-Dec-20 1:50 PM,"Tue December 20, 2022 13:50"
647,2022-05-05,5/5/22,5/5/22 20:54,22-May-05 8:54 PM,"Thu May 5, 2022 20:54"
648,2022-12-14,12/14/22,12/14/22 22:55,22-Dec-14 10:55 PM,"Wed December 14, 2022 22:55"
649,2022-03-26,3/26/22,3/26/22 10:38,22-Mar-26 10:38 AM,"Sat March 26, 2022 10:38"
650,2022-03-18,3/18/22,3/18/22 22:44,22-Mar-18 10:44 PM,"Fri March 18, 2022 22:44"
651,2022-04-06,4/6/22,4/6/22 22:44,22-Apr-06 10:44 PM,"Wed April 6, 2022 22:44"
652,2022-02-23,2/23/22,2/23/22 10:10,22-Feb-23 10:10 AM,"Wed February 23, 2022 10:10"
653,2022-04-17,4/17/22,4/17/22 7:18,22-Apr-17 7:18 AM,"Sun April 17, 2022 7:18"
654,2022-12-21,12/21/22,12/21/22 10:40,22-Dec-21 10:40 AM,"Wed December 21, 2022 10:40"
655,2022-06-23,6/23/22,6/23/22 8:43,22-Jun-23 8:43 AM,"Thu June 23, 2022 8:43"
656,2022-04-26,4/26/22,4/26/22 17:30,22-Apr-26 5:30 PM,"Tue April 26, 2022 17:30"
657,2022-06-07,6/7/22,6/7/22 18:05,22-Jun-07 6:05 PM,"Tue June 7, 2022 18:05"
658,2022-10-18,10/18/22,10/18/22 2:55,22-Oct-18 2:55 AM,"Tue October 18, 2022 2:55"
659,2022-12-03,12/3/22,12/3/22 8:14,22-Dec-03 8:14 AM,"Sat December 3, 2022 8:14"
660,2022-11-10,11/10/22,11/10/22 2:56,22-Nov-10 2:56 AM,"Thu November 10, 2022 2:56"
661,2022-10-07,10/7/22,10/7/22 21:13,22-Oct-07 9:13 PM,"Fri October 7, 2022 21:13"
662,2022-03-20,3/20/22,3/20/22 15:22,22-Mar-20 3:22 PM,"Sun March 20, 2022 15:22"
663,2022-01-14,1/14/22,1/14/22 6:24,22-Jan-14 6:24 AM,"Fri January 14, 2022 6:24"
664,2022-11-12,11/12/22,11/12/22 20:38,22-Nov-12 8:38 PM,"Sat November 12, 2022 20:38"
665,2022-02-09,2/9/22,2/9/22 17:58,22-Feb-09 5:58 PM,"Wed February 9, 2022 17:58"
666,2022-07-23,7/23/22,7/23/22 0:13,22-Jul-23 12:13 AM,"Sat July 23, 2022 0:13"
667,2022-05-23,5/23/22,5/23/22 21:44,22-May-23 9:44 PM,"Mon May 23, 2022 21:44"
668,2022-03-17,3/17/22,3/17/22 20:20,22-Mar-17 8:20 PM,"Thu March 17, 2022 20:20"
669,2022-07-20,7/20/22,7/20/22 11:04,22-Jul-20 11:04 AM,"Wed July 20, 2022 11:04"
670,2022-06-27,6/27/22,6/27/22 1:30,22-Jun-27 1:30 AM,"Mon June 27, 2022 1:30"
671,2022-06-26,6/26/22,6/26/22 0:38,22-Jun-26 12:38 AM,"Sun June 26, 2022 0:38"
672,2022-12-26,12/26/22,12/26/22 2:12,22-Dec-26 2:12 AM,"Mon December 26, 2022 2:12"
673,2022-08-03,8/3/22,8/3/22 4:14,22-Aug-03 4:14 AM,"Wed August 3, 2022 4:14"
674,2022-03-09,3/9/22,3/9/22 11:05,22-Mar-09 11:05 AM,"Wed March 9, 2022 11:05"
675,2022-08-28,8/28/22,8/28/22 0:03,22-Aug-28 12:03 AM,"Sun August 28, 2022 0:03"
676,2022-03-28,3/28/22,3/28/22 7:20,22-Mar-28 7:20 AM,"Mon March 28, 2022 7:20"
677,2022-10-19,10/19/22,10/19/22 5:27,22-Oct-19 5:27 AM,"Wed October 19, 2022 5:27"
678,2022-08-18,8/18/22,8/18/22 1:37,22-Aug-18 1:37 AM,"Thu August 18, 2022 1:37"
679,2022-08-22,8/22/22,8/22/22 4:41,22-Aug-22 4:41 AM,"Mon August 22, 2022 4:41"
680,2022-09-18,9/18/22,9/18/22 10:21,22-Sep-18 10:21 AM,"Sun September 18, 2022 10:21"
681,2022-04-18,4/18/22,4/18/22 11:36,22-Apr-18 11:36 AM,"Mon April 18, 2022 11:36"
682,2022-06-21,6/21/22,6/21/22 8:06,22-Jun-21 8:06 AM,"Tue June 21, 2022 8:06"
683,2022-01-17,1/17/22,1/17/22 17:00,22-Jan-17 5:00 PM,"Mon January 17, 2022 17:00"
684,2022-03-09,3/9/22,3/9/22 4:43,22-Mar-09 4:43 AM,"Wed March 9, 2022 4:43"
685,2022-04-16,4/16/22,4/16/22 11:31,22-Apr-16 11:31 AM,"Sat April 16, 2022 11:31"
686,2022-02-03,2/3/22,2/3/22 13:43,22-Feb-03 1:43 PM,"Thu February 3, 2022 13:43"
687,2022-09-09,9/9/22,9/9/22 1:13,22-Sep-09 1:13 AM,"Fri September 9, 2022 1:13"
688,2022-12-30,12/30/22,12/30/22 10:04,22-Dec-30 10:04 AM,"Fri December 30, 2022 10:04"
689,2022-05-11,5/11/22,5/11/22 14:46,22-May-11 2:46 PM,"Wed May 11, 2022 14:46"
690,2022-08-20,8/20/22,8/20/22 21:17,22-Aug-20 9:17 PM,"Sat August 20, 2022 21:17"
691,2022-08-30,8/30/22,8/30/22 16:42,22-Aug-30 4:42 PM,"Tue August 30, 2022 16:42"
692,2022-01-15,1/15/22,1/15/22 11:29,22-Jan-15 11:29 AM,"Sat January 15, 2022 11:29"
693,2022-12-05,12/5/22,12/5/22 17:29,22-Dec-05 5:29 PM,"Mon December 5, 2022 17:29"
694,2022-05-09,5/9/22,5/9/22 13:34,22-May-09 1:34 PM,"Mon May 9, 2022 13:34"
695,2022-11-30,11/30/22,11/30/22 10:03,22-Nov-30 10:03 AM,"Wed November 30, 2022 10:03"
696,2022-04-16,4/16/22,4/16/22 4:58,22-Apr-16 4:58 AM,"Sat April 16, 2022 4:58"
697,2022-11-23,11/23/22,11/23/22 15:49,22-Nov-23 3:49 PM,"Wed November 23, 2022 15:49"
698,2022-06-30,6/30/22,6/30/22 13:12,22-Jun-30 1:12 PM,"Thu June 30, 2022 13:12"
699,2022-09-06,9/6/22,9/6/22 5:00,22-Sep-06 5:00 AM,"Tue September 6, 2022 5:00"
700,2022-07-08,7/8/22,7/8/22 21:40,22-Jul-08 9:40 PM,"Fri July 8, 2022 21:40"
701,2022-11-22,11/22/22,11/22/22 8:31,22-Nov-22 8:31 AM,"Tue November 22, 2022 8:31"
702,2022-03-20,3/20/22,3/20/22 0:43,22-Mar-20 12:43 AM,"Sun March 20, 2022 0:43"
703,2022-07-31,7/31/22,7/31/22 10:17,22-Jul-31 10:17 AM,"Sun July 31, 2022 10:17"
704,2022-12-17,12/17/22,12/17/22 21:32,22-Dec-17 9:32 PM,"Sat December 17, 2022 21:32"
705,2022-07-15,7/15/22,7/15/22 23:37,22-Jul-15 11:37 PM,"Fri July 15, 2022 23:37"
706,2022-10-28,10/28/22,10/28/22 5:35,22-Oct-28 5:35 AM,"Fri October 28, 2022 5:35"
707,2022-03-02,3/2/22,3/2/22 10:09,22-Mar-02 10:09 AM,"Wed March 2, 2022 10:09"
708,2022-02-28,2/28/22,2/28/22 12:51,22-Feb-28 12:51 PM,"Mon February 28, 2022 12:51"
709,2022-02-27,2/27/22,2/27/22 16:28,22-Feb-27 4:28 PM,"Sun February 27, 2022 16:28"
710,2022-06-24,6/24/22,6/24/22 15:07,22-Jun-24 3:07 PM,"Fri June 24, 2022 15:07"
711,2022-10-22,10/22/22,10/22/22 19:10,22-Oct-22 7:10 PM,"Sat October 22, 2022 19:10"
712,2022-09-27,9/27/22,9/27/22 15:45,22-Sep-27 3:45 PM,"Tue September 27, 2022 15:45"
713,2022-11-29,11/29/22,11/29/22 3:43,22-Nov-29 3:43 AM,"Tue November 29, 2022 3:43"
714,2022-07-19,7/19/22,7/19/22 1:35,22-Jul-19 1:35 AM,"Tue July 19, 2022 1:35"
715,2022-09-08,9/8/22,9/8/22 6:17,22-Sep-08 6:17 AM,"Thu September 8, 2022 6:17"
716,2022-06-05,6/5/22,6/5/22 11:39,22-Jun-05 11:39 AM,"Sun June 5, 2022 11:39"
717,2022-04-19,4/19/22,4/19/22 10:49,22-Apr-19 10:49 AM,"Tue April 19, 2022 10:49"
718,2022-03-08,3/8/22,3/8/22 21:16,22-Mar-08 9:16 PM,"Tue March 8, 2022 21:16"
719,2022-08-09,8/9/22,8/9/22 1:12,22-Aug-09 1:12 AM,"Tue August 9, 2022 1:12"
720,2022-03-09,3/9/22,3/9/22 4:14,22-Mar-09 4:14 AM,"Wed March 9, 2022 4:14"
721,2022-06-11,6/11/22,6/11/22 12:21,22-Jun-11 12:21 PM,"Sat June 11, 2022 12:21"
722,2022-03-29,3/29/22,3/29/22 12:00,22-Mar-29 12:00 PM,"Tue March 29, 2022 12:00"
723,2022-02-06,2/6/22,2/6/22 20:17,22-Feb-06 8:17 PM,"Sun February 6, 2022 20:17"
724,2022-05-28,5/28/22,5/28/22 0:09,22-May-28 12:09 AM,"Sat May 28, 2022 0:09"
725,2022-09-05,9/5/22,9/5/22 2:21,22-Sep-05 2:21 AM,"Mon September 5, 2022 2:21"
726,2022-08-13,8/13/22,8/13/22 1:06,22-Aug-13 1:06 AM,"Sat August 13, 2022 1:06"
727,2022-05-24,5/24/22,5/24/22 3:26,22-May-24 3:26 AM,"Tue May 24, 2022 3:26"
728,2022-12-15,12/15/22,12/15/22 7:21,22-Dec-15 7:21 AM,"Thu December 15, 2022 7:21"
729,2022-09-04,9/4/22,9/4/22 12:34,22-Sep-04 12:34 PM,"Sun September 4, 2022 12:34"
730,2022-10-05,10/5/22,10/5/22 16:55,22-Oct-05 4:55 PM,"Wed October 5, 2022 16:55"
731,2022-02-21,2/21/22,2/21/22 8:21,22-Feb-21 8:21 AM,"Mon February 21, 2022 8:21"
732,2022-07-09,7/9/22,7/9/22 12:43,22-Jul-09 12:43 PM,"Sat July 9, 2022 12:43"
733,2022-02-01,2/1/22,2/1/22 9:33,22-Feb-01 9:33 AM,"Tue February 1, 2022 9:33"
734,2022-04-05,4/5/22,4/5/22 17:10,22-Apr-05 5:10 PM,"Tue April 5, 2022 17:10"
735,2022-02-17,2/17/22,2/17/22 9:09,22-Feb-17 9:09 AM,"Thu February 17, 2022 9:09"
736,2022-07-27,7/27/22,7/27/22 9:31,22-Jul-27 9:31 AM,"Wed July 27, 2022 9:31"
737,2022-12-25,12/25/22,12/25/22 12:41,22-Dec-25 12:41 PM,"Sun December 25, 2022 12:41"
738,2022-12-13,12/13/22,12/13/22 23:21,22-Dec-13 11:21 PM,"Tue December 13, 2022 23:21"
739,2022-05-11,5/11/22,5/11/22 16:19,22-May-11 4:19 PM,"Wed May 11, 2022 16:19"
740,2022-02-07,2/7/22,2/7/22 20:48,22-Feb-07 8:48 PM,"Mon February 7, 2022 20:48"
741,2022-04-22,4/22/22,4/22/22 23:43,22-Apr-22 11:43 PM,"Fri April 22, 2022 23:43"
742,2022-11-18,11/18/22,11/18/22 21:54,22-Nov-18 9:54 PM,"Fri November 18, 2022 21:54"
743,2022-11-09,11/9/22,11/9/22 0:47,22-Nov-09 12:47 AM,"Wed November 9, 2022 0:47"
744,2022-12-28,12/28/22,12/28/22 7:03,22-Dec-28 7:03 AM,"Wed December 28, 2022 7:03"
745,2022-07-18,7/18/22,7/18/22 15:24,22-Jul-18 3:24 PM,"Mon July 18, 2022 15:24"
746,2022-10-26,10/26/22,10/26/22 9:30,22-Oct-26 9:30 AM,"Wed October 26, 2022 9:30"
747,2022-03-28,3/28/22,3/28/22 6:33,22-Mar-28 6:33 AM,"Mon March 28, 2022 6:33"
748,2022-04-16,4/16/22,4/16/22 11:40,22-Apr-16 11:40 AM,"Sat April 16, 2022 11:40"
749,2022-03-12,3/12/22,3/12/22 1:24,22-Mar-12 1:24 AM,"Sat March 12, 2022 1:24"
750,2022-02-01,2/1/22,2/1/22 22:58,22-Feb-01 10:58 PM,"Tue February 1, 2022 22:58"
751,2022-06-16,6/16/22,6/16/22 15:24,22-Jun-16 3:24 PM,"Thu June 16, 2022 15:24"
752,2022-04-02,4/2/22,4/2/22 15:11,22-Apr-02 3:11 PM,"Sat April 2, 2022 15:11"
753,2022-02-01,2/1/22,2/1/22 9:27,22-Feb-01 9:27 AM,"Tue February 1, 2022 9:27"
754,2022-05-22,5/22/22,5/22/22 21:05,22-May-22 9:05 PM,"Sun May 22, 2022 21:05"
755,2022-02-05,2/5/22,2/5/22 16:30,22-Feb-05 4:30 PM,"Sat February 5, 2022 16:30"
756,2022-01-19,1/19/22,1/19/22 3:23,22-Jan-19 3:23 AM,"Wed January 19, 2022 3:23"
757,2022-09-09,9/9/22,9/9/22 6:55,22-Sep-09 6:55 AM,"Fri September 9, 2022 6:55"
758,2022-07-22,7/22/22,7/22/22 18:21,22-Jul-22 6:21 PM,"Fri July 22, 2022 18:21"
759,2022-11-28,11/28/22,11/28/22 23:44,22-Nov-28 11:44 PM,"Mon November 28, 2022 23:44"
760,2022-04-18,4/18/22,4/18/22 16:17,22-Apr-18 4:17 PM,"Mon April 18, 2022 16:17"
761,2022-02-19,2/19/22,2/19/22 17:48,22-Feb-19 5:48 PM,"Sat February 19, 2022 17:48"
762,2022-04-01,4/1/22,4/1/22 4:14,22-Apr-01 4:14 AM,"Fri April 1, 2022 4:14"
763,2022-02-27,2/27/22,2/27/22 11:48,22-Feb-27 11:48 AM,"Sun February 27, 2022 11:48"
764,2022-04-18,4/18/22,4/18/22 16:20,22-Apr-18 4:20 PM,"Mon April 18, 2022 16:20"
765,2022-12-25,12/25/22,12/25/22 8:23,22-Dec-25 8:23 AM,"Sun December 25, 2022 8:23"
766,2022-03-06,3/6/22,3/6/22 0:01,22-Mar-06 12:01 AM,"Sun March 6, 2022 0:01"
767,2022-06-22,6/22/22,6/22/22 9:22,22-Jun-22 9:22 AM,"Wed June 22, 2022 9:22"
768,2022-04-06,4/6/22,4/6/22 19:00,22-Apr-06 7:00 PM,"Wed April 6, 2022 19:00"
769,2022-03-20,3/20/22,3/20/22 6:04,22-Mar-20 6:04 AM,"Sun March 20, 2022 6:04"
770,2022-05-02,5/2/22,5/2/22 15:44,22-May-02 3:44 PM,"Mon May 2, 2022 15:44"
771,2022-05-03,5/3/22,5/3/22 18:37,22-May-03 6:37 PM,"Tue May 3, 2022 18:37"
772,2022-06-25,6/25/22,6/25/22 4:23,22-Jun-25 4:23 AM,"Sat June 25, 2022 4:23"
773,2022-03-25,3/25/22,3/25/22 22:05,22-Mar-25 10:05 PM,"Fri March 25, 2022 22:05"
774,2022-08-29,8/29/22,8/29/22 4:27,22-Aug-29 4:27 AM,"Mon August 29, 2022 4:27"
775,2022-06-29,6/29/22,6/29/22 4:31,22-Jun-29 4:31 AM,"Wed June 29, 2022 4:31"
776,2022-02-02,2/2/22,2/2/22 20:30,22-Feb-02 8:30 PM,"Wed February 2, 2022 20:30"
777,2022-04-26,4/26/22,4/26/22 16:02,22-Apr-26 4:02 PM,"Tue April 26, 2022 16:02"
778,2022-02-08,2/8/22,2/8/22 9:53,22-Feb-08 9:53 AM,"Tue February 8, 2022 9:53"
779,2022-03-05,3/5/22,3/5/22 14:48,22-Mar-05 2:48 PM,"Sat March 5, 2022 14:48"
780,2022-08-24,8/24/22,8/24/22 1:31,22-Aug-24 1:31 AM,"Wed August 24, 2022 1:31"
781,2022-09-29,9/29/22,9/29/22 19:28,22-Sep-29 7:28 PM,"Thu September 29, 2022 19:28"
782,2022-08-12,8/12/22,8/12/22 21:43,22-Aug-12 9:43 PM,"Fri August 12, 2022 21:43"
783,2022-03-01,3/1/22,3/1/22 18:55,22-Mar-01 6:55 PM,"Tue March 1, 2022 18:55"
784,2022-05-12,5/12/22,5/12/22 22:57,22-May-12 10:57 PM,"Thu May 12, 2022 22:57"
785,2022-06-26,6/26/22,6/26/22 11:44,22-Jun-26 11:44 AM,"Sun June 26, 2022 11:44"
786,2022-08-21,8/21/22,8/21/22 11:50,22-Aug-21 11:50 AM,"Sun August 21, 2022 11:50"
787,2022-06-17,6/17/22,6/17/22 11:15,22-Jun-17 11:15 AM,"Fri June 17, 2022 11:15"
788,2022-01-03,1/3/22,1/3/22 19:07,22-Jan-03 7:07 PM,"Mon January 3, 2022 19:07"
789,2022-01-31,1/31/22,1/31/22 20:04,22-Jan-31 8:04 PM,"Mon January 31, 2022 20:04"
790,2022-02-25,2/25/22,2/25/22 19:20,22-Feb-25 7:20 PM,"Fri February 25, 2022 19:20"
791,2022-04-27,4/27/22,4/27/22 5:04,22-Apr-27 5:04 AM,"Wed April 27, 2022 5:04"
792,2022-10-22,10/22/22,10/22/22 18:36,22-Oct-22 6:36 PM,"Sat October 22, 2022 18:36"
793,2022-11-28,11/28/22,11/28/22 23:09,22-Nov-28 11:09 PM,"Mon November 28, 2022 23:09"
794,2022-06-14,6/14/22,6/14/22 12:13,22-Jun-14 12:13 PM,"Tue June 14, 2022 12:13"
795,2022-03-03,3/3/22,3/3/22 1:02,22-Mar-03 1:02 AM,"Thu March 3, 2022 1:02"
796,2022-11-29,11/29/22,11/29/22 18:16,22-Nov-29 6:16 PM,"Tue November 29, 2022 18:16"
797,2022-07-21,7/21/22,7/21/22 8:12,22-Jul-21 8:12 AM,"Thu July 21, 2022 8:12"
798,2022-01-03,1/3/22,1/3/22 2:09,22-Jan-03 2:09 AM,"Mon January 3, 2022 2:09"
799,2022-07-04,7/4/22,7/4/22 20:28,22-Jul-04 8:28 PM,"Mon July 4, 2022 20:28"
800,2022-02-18,2/18/22,2/18/22 2:09,22-Feb-18 2:09 AM,"Fri February 18, 2022 2:09"
801,2022-10-13,10/13/22,10/13/22 14:54,22-Oct-13 2:54 PM,"Thu October 13, 2022 14:54"
802,2022-07-10,7/10/22,7/10/22 16:14,22-Jul-10 4:14 PM,"Sun July 10, 2022 16:14"
803,2022-04-22,4/22/22,4/22/22 12:57,22-Apr-22 12:57 PM,"Fri April 22, 2022 12:57"
804,2022-08-28,8/28/22,8/28/22 7:51,22-Aug-28 7:51 AM,"Sun August 28, 2022 7:51"
805,2022-12-29,12/29/22,12/29/22 16:55,22-Dec-29 4:55 PM,"Thu December 29, 2022 16:55"
806,2022-03-22,3/22/22,3/22/22 3:52,22-Mar-22 3:52 AM,"Tue March 22, 2022 3:52"
807,2022-06-18,6/18/22,6/18/22 7:28,22-Jun-18 7:28 AM,"Sat June 18, 2022 7:28"
808,2022-06-27,6/27/22,6/27/22 5:32,22-Jun-27 5:32 AM,"Mon June 27, 2022 5:32"
809,2022-03-14,3/14/22,3/14/22 3:42,22-Mar-14 3:42 AM,"Mon March 14, 2022 3:42"
810,2022-05-13,5/13/22,5/13/22 14:39,22-May-13 2:39 PM,"Fri May 13, 2022 14:39"
811,2022-06-17,6/17/22,6/17/22 6:57,22-Jun-17 6:57 AM,"Fri June 17, 2022 6:57"
812,2022-06-16,6/16/22,6/16/22 11:11,22-Jun-16 11:11 AM,"Thu June 16, 2022 11:11"
813,2022-09-19,9/19/22,9/19/22 13:50,22-Sep-19 1:50 PM,"Mon September 19, 2022 13:50"
814,2022-09-16,9/16/22,9/16/22 0:17,22-Sep-16 12:17 AM,"Fri September 16, 2022 0:17"
815,2022-08-12,8/12/22,8/12/22 1:49,22-Aug-12 1:49 AM,"Fri August 12, 2022 1:49"
816,2022-06-21,6/21/22,6/21/22 13:59,22-Jun-21 1:59 PM,"Tue June 21, 2022 13:59"
817,2022-09-19,9/19/22,9/19/22 10:10,22-Sep-19 10:10 AM,"Mon September 19, 2022 10:10"
818,2022-08-10,8/10/22,8/10/22 16:33,22-Aug-10 4:33 PM,"Wed August 10, 2022 16:33"
819,2022-12-25,12/25/22,12/25/22 9:42,22-Dec-25 9:42 AM,"Sun December 25, 2022 9:42"
820,2022-05-29,5/29/22,5/29/22 3:33,22-May-29 3:33 AM,"Sun May 29, 2022 3:33"
821,2022-01-18,1/18/22,1/18/22 19:46,22-Jan-18 7:46 PM,"Tue January 18, 2022 19:46"
822,2022-04-16,4/16/22,4/16/22 21:18,22-Apr-16 9:18 PM,"Sat April 16, 2022 21:18"
823,2022-02-12,2/12/22,2/12/22 6:09,22-Feb-12 6:09 AM,"Sat February 12, 2022 6:09"
824,2022-10-14,10/14/22,10/14/22 1:22,22-Oct-14 1:22 AM,"Fri October 14, 2022 1:22"
825,2022-11-27,11/27/22,11/27/22 6:56,22-Nov-27 6:56 AM,"Sun November 27, 2022 6:56"
826,2022-03-25,3/25/22,3/25/22 17:29,22-Mar-25 5:29 PM,"Fri March 25, 2022 17:29"
827,2022-11-21,11/21/22,11/21/22 8:54,22-Nov-21 8:54 AM,"Mon November 21, 2022 8:54"
828,2022-12-01,12/1/22,12/1/22 14:50,22-Dec-01 2:50 PM,"Thu December 1, 2022 14:50"
829,2022-12-04,12/4/22,12/4/22 10:34,22-Dec-04 10:34 AM,"Sun December 4, 2022 10:34"
830,2022-04-18,4/18/22,4/18/22 21:27,22-Apr-18 9:27 PM,"Mon April 18, 2022 21:27"
831,2022-02-11,2/11/22,2/11/22 9:49,22-Feb-11 9:49 AM,"Fri February 11, 2022 9:49"
832,2022-08-19,8/19/22,8/19/22 9:10,22-Aug-19 9:10 AM,"Fri August 19, 2022 9:10"
833,2022-11-05,11/5/22,11/5/22 4:48,22-Nov-05 4:48 AM,"Sat November 5, 2022 4:48"
834,2022-11-09,11/9/22,11/9/22 13:03,22-Nov-09 1:03 PM,"Wed November 9, 2022 13:03"
835,2022-05-05,5/5/22,5/5/22 22:15,22-May-05 10:15 PM,"Thu May 5, 2022 22:15"
836,2022-08-23,8/23/22,8/23/22 13:36,22-Aug-23 1:36 PM,"Tue August 23, 2022 13:36"
837,2022-09-05,9/5/22,9/5/22 18:07,22-Sep-05 6:07 PM,"Mon September 5, 2022 18:07"
838,2022-02-24,2/24/22,2/24/22 13:55,22-Feb-24 1:55 PM,"Thu February 24, 2022 13:55"
839,2022-07-15,7/15/22,7/15/22 19:06,22-Jul-15 7:06 PM,"Fri July 15, 2022 19:06"
840,2022-05-06,5/6/22,5/6/22 15:29,22-May-06 3:29 PM,"Fri May 6, 2022 15:29"
841,2022-12-04,12/4/22,12/4/22 18:36,22-Dec-04 6:36 PM,"Sun December 4, 2022 18:36"
842,2022-06-26,6/26/22,6/26/22 20:45,22-Jun-26 8:45 PM,"Sun June 26, 2022 20:45"
843,2022-07-06,7/6/22,7/6/22 23:38,22-Jul-06 11:38 PM,"Wed July 6, 2022 23:38"
844,2022-11-12,11/12/22,11/12/22 10:47,22-Nov-12 10:47 AM,"Sat November 12, 2022 10:47"
845,2022-04-12,4/12/22,4/12/22 5:56,22-Apr-12 5:56 AM,"Tue April 12, 2022 5:56"
846,2022-07-01,7/1/22,7/1/22 9:43,22-Jul-01 9:43 AM,"Fri July 1, 2022 9:43"
847,2022-02-26,2/26/22,2/26/22 15:51,22-Feb-26 3:51 PM,"Sat February 26, 2022 15:51"
848,2022-09-16,9/16/22,9/16/22 10:19,22-Sep-16 10:19 AM,"Fri September 16, 2022 10:19"
849,2022-06-27,6/27/22,6/27/22 23:42,22-Jun-27 11:42 PM,"Mon June 27, 2022 23:42"
850,2022-10-30,10/30/22,10/30/22 3:46,22-Oct-30 3:46 AM,"Sun October 30, 2022 3:46"
851,2022-10-13,10/13/22,10/13/22 4:03,22-Oct-13 4:03 AM,"Thu October 13, 2022 4:03"
852,2022-06-25,6/25/22,6/25/22 17:27,22-Jun-25 5:27 PM,"Sat June 25, 2022 17:27"
853,2022-01-08,1/8/22,1/8/22 12:10,22-Jan-08 12:10 PM,"Sat January 8, 2022 12:10"
854,2022-11-21,11/21/22,11/21/22 6:18,22-Nov-21 6:18 AM,"Mon November 21, 2022 6:18"
855,2022-02-26,2/26/22,2/26/22 17:22,22-Feb-26 5:22 PM,"Sat February 26, 2022 17:22"
856,2022-02-23,2/23/22,2/23/22 1:04,22-Feb-23 1:04 AM,"Wed February 23, 2022 1:04"
857,2022-11-10,11/10/22,11/10/22 7:47,22-Nov-10 7:47 AM,"Thu November 10, 2022 7:47"
858,2022-10-08,10/8/22,10/8/22 4:40,22-Oct-08 4:40 AM,"Sat October 8, 2022 4:40"
859,2022-03-16,3/16/22,3/16/22 16:30,22-Mar-16 4:30 PM,"Wed March 16, 2022 16:30"
860,2022-12-25,12/25/22,12/25/22 11:31,22-Dec-25 11:31 AM,"Sun December 25, 2022 11:31"
861,2022-05-08,5/8/22,5/8/22 19:03,22-May-08 7:03 PM,"Sun May 8, 2022 19:03"
862,2022-10-18,10/18/22,10/18/22 23:00,22-Oct-18 11:00 PM,"Tue October 18, 2022 23:00"
863,2022-02-13,2/13/22,2/13/22 15:34,22-Feb-13 3:34 PM,"Sun February 13, 2022 15:34"
864,2022-09-17,9/17/22,9/17/22 8:34,22-Sep-17 8:34 AM,"Sat September 17, 2022 8:34"
865,2022-10-04,10/4/22,10/4/22 11:37,22-Oct-04 11:37 AM,"Tue October 4, 2022 11:37"
866,2022-11-13,11/13/22,11/13/22 8:58,22-Nov-13 8:58 AM,"Sun November 13, 2022 8:58"
867,2022-05-10,5/10/22,5/10/22 16:55,22-May-10 4:55 PM,"Tue May 10, 2022 16:55"
868,2022-03-02,3/2/22,3/2/22 14:01,22-Mar-02 2:01 PM,"Wed March 2, 2022 14:01"
869,2022-02-12,2/12/22,2/12/22 22:06,22-Feb-12 10:06 PM,"Sat February 12, 2022 22:06"
870,2022-07-07,7/7/22,7/7/22 19:32,22-Jul-07 7:32 PM,"Thu July 7, 2022 19:32"
871,2022-05-07,5/7/22,5/7/22 0:21,22-May-07 12:21 AM,"Sat May 7, 2022 0:21"
872,2022-09-21,9/21/22,9/21/22 8:26,22-Sep-21 8:26 AM,"Wed September 21, 2022 8:26"
873,2022-11-02,11/2/22,11/2/22 11:47,22-Nov-02 11:47 AM,"Wed November 2, 2022 11:47"
874,2022-01-07,1/7/22,1/7/22 22:52,22-Jan-07 10:52 PM,"Fri January 7, 2022 22:52"
875,2022-11-13,11/13/22,11/13/22 8:08,22-Nov-13 8:08 AM,"Sun November 13, 2022 8:08"
876,2022-06-20,6/20/22,6/20/22 1:59,22-Jun-20 1:59 AM,"Mon June 20, 2022 1:59"
877,2022-08-22,8/22/22,8/22/22 21:07,22-Aug-22 9:07 PM,"Mon August 22, 2022 21:07"
878,2022-10-24,10/24/22,10/24/22 17:32,22-Oct-24 5:32 PM,"Mon October 24, 2022 17:32"
879,2022-06-14,6/14/22,6/14/22 12:02,22-Jun-14 12:02 PM,"Tue June 14, 2022 12:02"
880,2022-05-01,5/1/22,5/1/22 16:52,22-May-01 4:52 PM,"Sun May 1, 2022 16:52"
881,2022-05-29,5/29/22,5/29/22 3:42,22-May-29 3:42 AM,"Sun May 29, 2022 3:42"
882,2022-11-03,11/3/22,11/3/22 16:11,22-Nov-03 4:11 PM,"Thu November 3, 2022 16:11"
883,2022-10-05,10/5/22,10/5/22 20:24,22-Oct-05 8:24 PM,"Wed October 5, 2022 20:24"
884,2022-05-30,5/30/22,5/30/22 0:34,22-May-30 12:34 AM,"Mon May 30, 2022 0:34"
885,2022-12-01,12/1/22,12/1/22 21:50,22-Dec-01 9:50 PM,"Thu December 1, 2022 21:50"
886,2022-01-15,1/15/22,1/15/22 7:40,22-Jan-15 7:40 AM,"Sat January 15, 2022 7:40"
887,2022-05-05,5/5/22,5/5/22 10:54,22-May-05 10:54 AM,"Thu May 5, 2022 10:54"
888,2022-02-22,2/22/22,2/22/22 7:42,22-Feb-22 7:42 AM,"Tue February 22, 2022 7:42"
889,2022-08-08,8/8/22,8/8/22 18:02,22-Aug-08 6:02 PM,"Mon August 8, 2022 18:02"
890,2022-02-20,2/20/22,2/20/22 9:04,22-Feb-20 9:04 AM,"Sun February 20, 2022 9:04"
891,2022-11-23,11/23/22,11/23/22 20:03,22-Nov-23 8:03 PM,"Wed November 23, 2022 20:03"
892,2022-01-21,1/21/22,1/21/22 6:14,22-Jan-21 6:14 AM,"Fri January 21, 2022 6:14"
893,2022-08-20,8/20/22,8/20/22 5:47,22-Aug-20 5:47 AM,"Sat August 20, 2022 5:47"
894,2022-06-02,6/2/22,6/2/22 6:16,22-Jun-02 6:16 AM,"Thu June 2, 2022 6:16"
895,2022-05-13,5/13/22,5/13/22 3:21,22-May-13 3:21 AM,"Fri May 13, 2022 3:21"
896,2022-12-11,12/11/22,12/11/22 3:54,22-Dec-11 3:54 AM,"Sun December 11, 2022 3:54"
897,2022-04-01,4/1/22,4/1/22 7:18,22-Apr-01 7:18 AM,"Fri April 1, 2022 7:18"
898,2022-07-08,7/8/22,7/8/22 10:33,22-Jul-08 10:33 AM,"Fri July 8, 2022 10:33"
899,2022-07-26,7/26/22,7/26/22 5:22,22-Jul-26 5:22 AM,"Tue July 26, 2022 5:22"
900,2022-09-04,9/4/22,9/4/22 9:00,22-Sep-04 9:00 AM,"Sun September 4, 2022 9:00"
901,2022-12-24,12/24/22,12/24/22 7:47,22-Dec-24 7:47 AM,"Sat December 24, 2022 7:47"
902,2022-04-03,4/3/22,4/3/22 6:20,22-Apr-03 6:20 AM,"Sun April 3, 2022 6:20"
903,2022-06-23,6/23/22,6/23/22 9:03,22-Jun-23 9:03 AM,"Thu June 23, 2022 9:03"
904,2022-08-07,8/7/22,8/7/22 22:02,22-Aug-07 10:02 PM,"Sun August 7, 2022 22:02"
905,2022-10-11,10/11/22,10/11/22 15:12,22-Oct-11 3:12 PM,"Tue October 11, 2022 15:12"
906,2022-10-19,10/19/22,10/19/22 2:49,22-Oct-19 2:49 AM,"Wed October 19, 2022 2:49"
907,2022-07-17,7/17/22,7/17/22 19:00,22-Jul-17 7:00 PM,"Sun July 17, 2022 19:00"
908,2022-09-07,9/7/22,9/7/22 2:31,22-Sep-07 2:31 AM,"Wed September 7, 2022 2:31"
909,2022-04-19,4/19/22,4/19/22 23:04,22-Apr-19 11:04 PM,"Tue April 19, 2022 23:04"
910,2022-11-07,11/7/22,11/7/22 11:24,22-Nov-07 11:24 AM,"Mon November 7, 2022 11:24"
911,2022-09-29,9/29/22,9/29/22 7:22,22-Sep-29 7:22 AM,"Thu September 29, 2022 7:22"
912,2022-02-24,2/24/22,2/24/22 16:05,22-Feb-24 4:05 PM,"Thu February 24, 2022 16:05"
913,2022-05-24,5/24/22,5/24/22 21:12,22-May-24 9:12 PM,"Tue May 24, 2022 21:12"
914,2022-12-06,12/6/22,12/6/22 0:33,22-Dec-06 12:33 AM,"Tue December 6, 2022 0:33"
915,2022-04-08,4/8/22,4/8/22 1:49,22-Apr-08 1:49 AM,"Fri April 8, 2022 1:49"
916,2022-09-28,9/28/22,9/28/22 2:52,22-Sep-28 2:52 AM,"Wed September 28, 2022 2:52"
917,2022-11-20,11/20/22,11/20/22 17:59,22-Nov-20 5:59 PM,"Sun November 20, 2022 17:59"
918,2022-01-26,1/26/22,1/26/22 1:39,22-Jan-26 1:39 AM,"Wed January 26, 2022 1:39"
919,2022-05-29,5/29/22,5/29/22 9:35,22-May-29 9:35 AM,"Sun May 29, 2022 9:35"
920,2022-04-09,4/9/22,4/9/22 6:00,22-Apr-09 6:00 AM,"Sat April 9, 2022 6:00"
921,2022-07-01,7/1/22,7/1/22 7:32,22-Jul-01 7:32 AM,"Fri July 1, 2022 7:32"
922,2022-09-10,9/10/22,9/10/22 8:05,22-Sep-10 8:05 AM,"Sat September 10, 2022 8:05"
923,2022-07-18,7/18/22,7/18/22 4:37,22-Jul-18 4:37 AM,"Mon July 18, 2022 4:37"
924,2022-03-26,3/26/22,3/26/22 14:26,22-Mar-26 2:26 PM,"Sat March 26, 2022 14:26"
925,2022-03-22,3/22/22,3/22/22 14:10,22-Mar-22 2:10 PM,"Tue March 22, 2022 14:10"
926,2022-02-22,2/22/22,2/22/22 12:57,22-Feb-22 12:57 PM,"Tue February 22, 2022 12:57"
927,2022-12-29,12/29/22,12/29/22 18:28,22-Dec-29 6:28 PM,"Thu December 29, 2022 18:28"
928,2022-06-05,6/5/22,6/5/22 23:42,22-Jun-05 11:42 PM,"Sun June 5, 2022 23:42"
929,2022-03-08,3/8/22,3/8/22 0:19,22-Mar-08 12:19 AM,"Tue March 8, 2022 0:19"
930,2022-03-29,3/29/22,3/29/22 5:54,22-Mar-29 5:54 AM,"Tue March 29, 2022 5:54"
931,2022-08-25,8/25/22,8/25/22 12:24,22-Aug-25 12:24 PM,"Thu August 25, 2022 12:24"
932,2022-09-23,9/23/22,9/23/22 9:57,22-Sep-23 9:57 AM,"Fri September 23, 2022 9:57"
933,2022-05-25,5/25/22,5/25/22 1:10,22-May-25 1:10 AM,"Wed May 25, 2022 1:10"
934,2022-11-13,11/13/22,11/13/22 2:47,22-Nov-13 2:47 AM,"Sun November 13, 2022 2:47"
935,2022-02-15,2/15/22,2/15/22 10:54,22-Feb-15 10:54 AM,"Tue February 15, 2022 10:54"
936,2022-01-09,1/9/22,1/9/22 16:15,22-Jan-09 4:15 PM,"Sun January 9, 2022 16:15"
937,2022-05-02,5/2/22,5/2/22 16:49,22-May-02 4:49 PM,"Mon May 2, 2022 16:49"
938,2022-06-29,6/29/22,6/29/22 16:14,22-Jun-29 4:14 PM,"Wed June 29, 2022 16:14"
939,2022-08-01,8/1/22,8/1/22 22:01,22-Aug-01 10:01 PM,"Mon August 1, 2022 22:01"
940,2022-10-08,10/8/22,10/8/22 13:39,22-Oct-08 1:39 PM,"Sat October 8, 2022 13:39"
941,2022-06-12,6/12/22,6/12/22 12:40,22-Jun-12 12:40 PM,"Sun June 12, 2022 12:40"
942,2022-12-23,12/23/22,12/23/22 5:26,22-Dec-23 5:26 AM,"Fri December 23, 2022 5:26"
943,2022-01-18,1/18/22,1/18/22 18:43,22-Jan-18 6:43 PM,"Tue January 18, 2022 18:43"
944,2022-08-24,8/24/22,8/24/22 4:59,22-Aug-24 4:59 AM,"Wed August 24, 2022 4:59"
945,2022-07-25,7/25/22,7/25/22 19:18,22-Jul-25 7:18 PM,"Mon July 25, 2022 19:18"
946,2022-10-17,10/17/22,10/17/22 1:42,22-Oct-17 1:42 AM,"Mon October 17, 2022 1:42"
947,2022-04-06,4/6/22,4/6/22 8:17,22-Apr-06 8:17 AM,"Wed April 6, 2022 8:17"
948,2022-12-18,12/18/22,12/18/22 3:15,22-Dec-18 3:15 AM,"Sun December 18, 2022 3:15"
949,2022-01-21,1/21/22,1/21/22 8:06,22-Jan-21 8:06 AM,"Fri January 21, 2022 8:06"
950,2022-05-08,5/8/22,5/8/22 19:28,22-May-08 7:28 PM,"Sun May 8, 2022 19:28"
951,2022-04-24,4/24/22,4/24/22 18:04,22-Apr-24 6:04 PM,"Sun April 24, 2022 18:04"
952,2022-09-21,9/21/22,9/21/22 12:15,22-Sep-21 12:15 PM,"Wed September 21, 2022 12:15"
953,2022-12-03,12/3/22,12/3/22 21:50,22-Dec-03 9:50 PM,"Sat December 3, 2022 21:50"
954,2022-07-28,7/28/22,7/28/22 17:11,22-Jul-28 5:11 PM,"Thu July 28, 2022 17:11"
955,2022-03-08,3/8/22,3/8/22 10:53,22-Mar-08 10:53 AM,"Tue March 8, 2022 10:53"
956,2022-01-05,1/5/22,1/5/22 10:06,22-Jan-05 10:06 AM,"Wed January 5, 2022 10:06"
957,2022-08-07,8/7/22,8/7/22 6:56,22-Aug-07 6:56 AM,"Sun August 7, 2022 6:56"
958,2022-05-09,5/9/22,5/9/22 10:59,22-May-09 10:59 AM,"Mon May 9, 2022 10:59"
959,2022-10-23,10/23/22,10/23/22 14:31,22-Oct-23 2:31 PM,"Sun October 23, 2022 14:31"
960,2022-03-19,3/19/22,3/19/22 16:59,22-Mar-19 4:59 PM,"Sat March 19, 2022 16:59"
961,2022-06-04,6/4/22,6/4/22 8:50,22-Jun-04 8:50 AM,"Sat June 4, 2022 8:50"
962,2022-01-01,1/1/22,1/1/22 4:46,22-Jan-01 4:46 AM,"Sat January 1, 2022 4:46"
963,2022-11-22,11/22/22,11/22/22 3:49,22-Nov-22 3:49 AM,"Tue November 22, 2022 3:49"
964,2022-08-20,8/20/22,8/20/22 3:36,22-Aug-20 3:36 AM,"Sat August 20, 2022 3:36"
965,2022-10-17,10/17/22,10/17/22 14:53,22-Oct-17 2:53 PM,"Mon October 17, 2022 14:53"
966,2022-12-30,12/30/22,12/30/22 12:46,22-Dec-30 12:46 PM,"Fri December 30, 2022 12:46"
967,2022-08-17,8/17/22,8/17/22 10:56,22-Aug-17 10:56 AM,"Wed August 17, 2022 10:56"
968,2022-06-12,6/12/22,6/12/22 12:07,22-Jun-12 12:07 PM,"Sun June 12, 2022 12:07"
969,2022-07-18,7/18/22,7/18/22 1:41,22-Jul-18 1:41 AM,"Mon July 18, 2022 1:41"
970,2022-10-06,10/6/22,10/6/22 21:58,22-Oct-06 9:58 PM,"Thu October 6, 2022 21:58"
971,2022-10-05,10/5/22,10/5/22 6:44,22-Oct-05 6:44 AM,"Wed October 5, 2022 6:44"
972,2022-03-11,3/11/22,3/11/22 21:28,22-Mar-11 9:28 PM,"Fri March 11, 2022 21:28"
973,2022-12-05,12/5/22,12/5/22 14:49,22-Dec-05 2:49 PM,"Mon December 5, 2022 14:49"
974,2022-03-16,3/16/22,3/16/22 4:02,22-Mar-16 4:02 AM,"Wed March 16, 2022 4:02"
975,2022-06-29,6/29/22,6/29/22 7:06,22-Jun-29 7:06 AM,"Wed June 29, 2022 7:06"
976,2022-07-19,7/19/22,7/19/22 12:22,22-Jul-19 12:22 PM,"Tue July 19, 2022 12:22"
977,2022-05-18,5/18/22,5/18/22 23:28,22-May-18 11:28 PM,"Wed May 18, 2022 23:28"
978,2022-11-08,11/8/22,11/8/22 12:45,22-Nov-08 12:45 PM,"Tue November 8, 2022 12:45"
979,2022-01-27,1/27/22,1/27/22 14:14,22-Jan-27 2:14 PM,"Thu January 27, 2022 14:14"
980,2022-07-18,7/18/22,7/18/22 1:00,22-Jul-18 1:00 AM,"Mon July 18, 2022 1:00"
981,2022-09-28,9/28/22,9/28/22 19:09,22-Sep-28 7:09 PM,"Wed September 28, 2022 19:09"
982,2022-09-20,9/20/22,9/20/22 9:15,22-Sep-20 9:15 AM,"Tue September 20, 2022 9:15"
983,2022-09-03,9/3/22,9/3/22 15:55,22-Sep-03 3:55 PM,"Sat September 3, 2022 15:55"
984,2022-07-12,7/12/22,7/12/22 0:20,22-Jul-12 12:20 AM,"Tue July 12, 2022 0:20"
985,2022-01-03,1/3/22,1/3/22 13:28,22-Jan-03 1:28 PM,"Mon January 3, 2022 13:28"
986,2022-11-04,11/4/22,11/4/22 16:10,22-Nov-04 4:10 PM,"Fri November 4, 2022 16:10"
987,2022-05-20,5/20/22,5/20/22 11:43,22-May-20 11:43 AM,"Fri May 20, 2022 11:43"
988,2022-04-23,4/23/22,4/23/22 3:38,22-Apr-23 3:38 AM,"Sat April 23, 2022 3:38"
989,2022-09-08,9/8/22,9/8/22 23:27,22-Sep-08 11:27 PM,"Thu September 8, 2022 23:27"
990,2022-10-08,10/8/22,10/8/22 23:21,22-Oct-08 11:21 PM,"Sat October 8, 2022 23:21"
991,2022-09-09,9/9/22,9/9/22 1:19,22-Sep-09 1:19 AM,"Fri September 9, 2022 1:19"
992,2022-06-03,6/3/22,6/3/22 7:33,22-Jun-03 7:33 AM,"Fri June 3, 2022 7:33"
993,2022-01-19,1/19/22,1/19/22 17:50,22-Jan-19 5:50 PM,"Wed January 19, 2022 17:50"
994,2022-12-15,12/15/22,12/15/22 6:09,22-Dec-15 6:09 AM,"Thu December 15, 2022 6:09"
995,2022-10-30,10/30/22,10/30/22 23:47,22-Oct-30 11:47 PM,"Sun October 30, 2022 23:47"
996,2022-08-03,8/3/22,8/3/22 18:05,22-Aug-03 6:05 PM,"Wed August 3, 2022 18:05"
997,2022-01-17,1/17/22,1/17/22 7:07,22-Jan-17 7:07 AM,"Mon January 17, 2022 7:07"
998,2022-03-11,3/11/22,3/11/22 20:21,22-Mar-11 8:21 PM,"Fri March 11, 2022 20:21"
999,2022-06-28,6/28/22,6/28/22 4:13,22-Jun-28 4:13 AM,"Tue June 28, 2022 4:13"
1000,2022-07-05,7/5/22,7/5/22 10:14,22-Jul-05 10:14 AM,"Tue July 5, 2022 10:14"
1001,2022-05-04,5/4/22,5/4/22 0:28,22-May-04 12:28 AM,"Wed May 4, 2022 0:28"
1002,2022-11-21,11/21/22,11/21/22 19:23,22-Nov-21 7:23 PM,"Mon November 21, 2022 19:23"
1003,2022-02-27,2/27/22,2/27/22 15:58,22-Feb-27 3:58 PM,"Sun February 27, 2022 15:58"
1004,2022-01-20,1/20/22,1/20/22 16:32,22-Jan-20 4:32 PM,"Thu January 20, 2022 16:32"
1005,2022-07-07,7/7/22,7/7/22 9:30,22-Jul-07 9:30 AM,"Thu July 7, 2022 9:30"
1006,2022-02-06,2/6/22,2/6/22 4:48,22-Feb-06 4:48 AM,"Sun February 6, 2022 4:48"
1007,2022-03-03,3/3/22,3/3/22 16:30,22-Mar-03 4:30 PM,"Thu March 3, 2022 16:30"
1008,2022-12-17,12/17/22,12/17/22 15:47,22-Dec-17 3:47 PM,"Sat December 17, 2022 15:47"
1009,2022-04-20,4/20/22,4/20/22 22:57,22-Apr-20 10:57 PM,"Wed April 20, 2022 22:57"
1010,2022-04-24,4/24/22,4/24/22 18:15,22-Apr-24 6:15 PM,"Sun April 24, 2022 18:15"
1011,2022-04-24,4/24/22,4/24/22 17:48,22-Apr-24 5:48 PM,"Sun April 24, 2022 17:48"
1012,2022-04-06,4/6/22,4/6/22 14:09,22-Apr-06 2:09 PM,"Wed April 6, 2022 14:09"
1013,2022-12-04,12/4/22,12/4/22 20:38,22-Dec-04 8:38 PM,"Sun December 4, 2022 20:38"
1014,2022-06-20,6/20/22,6/20/22 8:19,22-Jun-20 8:19 AM,"Mon June 20, 2022 8:19"
1015,2022-10-28,10/28/22,10/28/22 10:59,22-Oct-28 10:59 AM,"Fri October 28, 2022 10:59"
1016,2022-05-06,5/6/22,5/6/22 18:07,22-May-06 6:07 PM,"Fri May 6, 2022 18:07"
1017,2022-05-01,5/1/22,5/1/22 13:41,22-May-01 1:41 PM,"Sun May 1, 2022 13:41"
1018,2022-10-11,10/11/22,10/11/22 13:18,22-Oct-11 1:18 PM,"Tue October 11, 2022 13:18"
1019,2022-10-28,10/28/22,10/28/22 9:18,22-Oct-28 9:18 AM,"Fri October 28, 2022 9:18"
1020,2022-09-03,9/3/22,9/3/22 10:23,22-Sep-03 10:23 AM,"Sat September 3, 2022 10:23"
1021,2022-09-11,9/11/22,9/11/22 6:57,22-Sep-11 6:57 AM,"Sun September 11, 2022 6:57"
1022,2022-06-20,6/20/22,6/20/22 8:45,22-Jun-20 8:45 AM,"Mon June 20, 2022 8:45"
1023,2022-04-20,4/20/22,4/20/22 0:00,22-Apr-20 12:00 AM,"Wed April 20, 2022 0:00"
1024,2022-05-14,5/14/22,5/14/22 13:57,22-May-14 1:57 PM,"Sat May 14, 2022 13:57"
1025,2022-09-29,9/29/22,9/29/22 15:19,22-Sep-29 3:19 PM,"Thu September 29, 2022 15:19"
1026,2022-02-10,2/10/22,2/10/22 5:33,22-Feb-10 5:33 AM,"Thu February 10, 2022 5:33"
1027,2022-09-14,9/14/22,9/14/22 10:24,22-Sep-14 10:24 AM,"Wed September 14, 2022 10:24"
1028,2022-09-12,9/12/22,9/12/22 0:42,22-Sep-12 12:42 AM,"Mon September 12, 2022 0:42"
1029,2022-06-17,6/17/22,6/17/22 23:26,22-Jun-17 11:26 PM,"Fri June 17, 2022 23:26"
1030,2022-01-13,1/13/22,1/13/22 15:08,22-Jan-13 3:08 PM,"Thu January 13, 2022 15:08"
1031,2022-12-21,12/21/22,12/21/22 16:57,22-Dec-21 4:57 PM,"Wed December 21, 2022 16:57"
1032,2022-02-04,2/4/22,2/4/22 21:27,22-Feb-04 9:27 PM,"Fri February 4, 2022 21:27"
1033,2022-02-21,2/21/22,2/21/22 8:56,22-Feb-21 8:56 AM,"Mon February 21, 2022 8:56"
1034,2022-08-29,8/29/22,8/29/22 23:59,22-Aug-29 11:59 PM,"Mon August 29, 2022 23:59"
1035,2022-02-21,2/21/22,2/21/22 5:48,22-Feb-21 5:48 AM,"Mon February 21, 2022 5:48"
1036,2022-08-30,8/30/22,8/30/22 19:58,22-Aug-30 7:58 PM,"Tue August 30, 2022 19:58"
1037,2022-03-25,3/25/22,3/25/22 7:04,22-Mar-25 7:04 AM,"Fri March 25, 2022 7:04"
1038,2022-09-18,9/18/22,9/18/22 12:10,22-Sep-18 12:10 PM,"Sun September 18, 2022 12:10"
1039,2022-09-12,9/12/22,9/12/22 20:46,22-Sep-12 8:46 PM,"Mon September 12, 2022 20:46"
1040,2022-07-20,7/20/22,7/20/22 8:02,22-Jul-20 8:02 AM,"Wed July 20, 2022 8:02"
1041,2022-12-11,12/11/22,12/11/22 17:43,22-Dec-11 5:43 PM,"Sun December 11, 2022 17:43"
1042,2022-03-21,3/21/22,3/21/22 18:53,22-Mar-21 6:53 PM,"Mon March 21, 2022 18:53"
1043,2022-03-23,3/23/22,3/23/22 6:04,22-Mar-23 6:04 AM,"Wed March 23, 2022 6:04"
1044,2022-09-24,9/24/22,9/24/22 15:04,22-Sep-24 3:04 PM,"Sat September 24, 2022 15:04"
1045,2022-09-23,9/23/22,9/23/22 5:57,22-Sep-23 5:57 AM,"Fri September 23, 2022 5:57"
1046,2022-07-24,7/24/22,7/24/22 10:57,22-Jul-24 10:57 AM,"Sun July 24, 2022 10:57"
1047,2022-09-01,9/1/22,9/1/22 2:09,22-Sep-01 2:09 AM,"Thu September 1, 2022 2:09"
1048,2022-06-30,6/30/22,6/30/22 23:28,22-Jun-30 11:28 PM,"Thu June 30, 2022 23:28"
1049,2022-06-09,6/9/22,6/9/22 20:11,22-Jun-09 8:11 PM,"Thu June 9, 2022 20:11"
1050,2022-12-06,12/6/22,12/6/22 1:25,22-Dec-06 1:25 AM,"Tue December 6, 2022 1:25"
1051,2022-07-05,7/5/22,7/5/22 13:44,22-Jul-05 1:44 PM,"Tue July 5, 2022 13:44"
1052,2022-03-22,3/22/22,3/22/22 19:09,22-Mar-22 7:09 PM,"Tue March 22, 2022 19:09"
1053,2022-06-07,6/7/22,6/7/22 8:19,22-Jun-07 8:19 AM,"Tue June 7, 2022 8:19"
1054,2022-10-20,10/20/22,10/20/22 2:32,22-Oct-20 2:32 AM,"Thu October 20, 2022 2:32"
1055,2022-06-17,6/17/22,6/17/22 3:57,22-Jun-17 3:57 AM,"Fri June 17, 2022 3:57"
1056,2022-11-23,11/23/22,11/23/22 2:39,22-Nov-23 2:39 AM,"Wed November 23, 2022 2:39"
1057,2022-06-30,6/30/22,6/30/22 5:34,22-Jun-30 5:34 AM,"Thu June 30, 2022 5:34"
1058,2022-06-02,6/2/22,6/2/22 20:37,22-Jun-02 8:37 PM,"Thu June 2, 2022 20:37"
1059,2022-12-13,12/13/22,12/13/22 13:44,22-Dec-13 1:44 PM,"Tue December 13, 2022 13:44"
1060,2022-02-15,2/15/22,2/15/22 13:38,22-Feb-15 1:38 PM,"Tue February 15, 2022 13:38"
1061,2022-09-04,9/4/22,9/4/22 7:50,22-Sep-04 7:50 AM,"Sun September 4, 2022 7:50"
1062,2022-03-27,3/27/22,3/27/22 18:57,22-Mar-27 6:57 PM,"Sun March 27, 2022 18:57"
1063,2022-11-12,11/12/22,11/12/22 10:17,22-Nov-12 10:17 AM,"Sat November 12, 2022 10:17"
1064,2022-03-13,3/13/22,3/13/22 18:33,22-Mar-13 6:33 PM,"Sun March 13, 2022 18:33"
1065,2022-04-14,4/14/22,4/14/22 21:49,22-Apr-14 9:49 PM,"Thu April 14, 2022 21:49"
1066,2022-12-03,12/3/22,12/3/22 7:06,22-Dec-03 7:06 AM,"Sat December 3, 2022 7:06"
1067,2022-07-31,7/31/22,7/31/22 20:22,22-Jul-31 8:22 PM,"Sun July 31, 2022 20:22"
1068,2022-05-06,5/6/22,5/6/22 10:33,22-May-06 10:33 AM,"Fri May 6, 2022 10:33"
1069,2022-05-22,5/22/22,5/22/22 3:56,22-May-22 3:56 AM,"Sun May 22, 2022 3:56"
1070,2022-11-15,11/15/22,11/15/22 13:42,22-Nov-15 1:42 PM,"Tue November 15, 2022 13:42"
1071,2022-10-25,10/25/22,10/25/22 16:25,22-Oct-25 4:25 PM,"Tue October 25, 2022 16:25"
1072,2022-08-12,8/12/22,8/12/22 5:11,22-Aug-12 5:11 AM,"Fri August 12, 2022 5:11"
1073,2022-07-26,7/26/22,7/26/22 4:14,22-Jul-26 4:14 AM,"Tue July 26, 2022 4:14"
1074,2022-06-09,6/9/22,6/9/22 8:49,22-Jun-09 8:49 AM,"Thu June 9, 2022 8:49"
1075,2022-07-09,7/9/22,7/9/22 7:09,22-Jul-09 7:09 AM,"Sat July 9, 2022 7:09"
1076,2022-04-13,4/13/22,4/13/22 12:48,22-Apr-13 12:48 PM,"Wed April 13, 2022 12:48"
1077,2022-09-05,9/5/22,9/5/22 19:51,22-Sep-05 7:51 PM,"Mon September 5, 2022 19:51"
1078,2022-08-03,8/3/22,8/3/22 12:59,22-Aug-03 12:59 PM,"Wed August 3, 2022 12:59"
1079,2022-12-07,12/7/22,12/7/22 6:38,22-Dec-07 6:38 AM,"Wed December 7, 2022 6:38"
1080,2022-11-28,11/28/22,11/28/22 17:57,22-Nov-28 5:57 PM,"Mon November 28, 2022 17:57"
1081,2022-04-09,4/9/22,4/9/22 15:11,22-Apr-09 3:11 PM,"Sat April 9, 2022 15:11"
1082,2022-04-18,4/18/22,4/18/22 0:57,22-Apr-18 12:57 AM,"Mon April 18, 2022 0:57"
1083,2022-11-02,11/2/22,11/2/22 5:17,22-Nov-02 5:17 AM,"Wed November 2, 2022 5:17"
1084,2022-09-10,9/10/22,9/10/22 17:40,22-Sep-10 5:40 PM,"Sat September 10, 2022 17:40"
1085,2022-09-19,9/19/22,9/19/22 5:10,22-Sep-19 5:10 AM,"Mon September 19, 2022 5:10"
1086,2022-06-01,6/1/22,6/1/22 6:30,22-Jun-01 6:30 AM,"Wed June 1, 2022 6:30"
1087,2022-05-24,5/24/22,5/24/22 5:10,22-May-24 5:10 AM,"Tue May 24, 2022 5:10"
1088,2022-01-12,1/12/22,1/12/22 20:28,22-Jan-12 8:28 PM,"Wed January 12, 2022 20:28"
1089,2022-10-22,10/22/22,10/22/22 15:45,22-Oct-22 3:45 PM,"Sat October 22, 2022 15:45"
1090,2022-12-20,12/20/22,12/20/22 17:22,22-Dec-20 5:22 PM,"Tue December 20, 2022 17:22"
1091,2022-06-25,6/25/22,6/25/22 3:27,22-Jun-25 3:27 AM,"Sat June 25, 2022 3:27"
1092,2022-05-06,5/6/22,5/6/22 17:14,22-May-06 5:14 PM,"Fri May 6, 2022 17:14"
1093,2022-10-24,10/24/22,10/24/22 21:20,22-Oct-24 9:20 PM,"Mon October 24, 2022 21:20"
1094,2022-05-27,5/27/22,5/27/22 15:54,22-May-27 3:54 PM,"Fri May 27, 2022 15:54"
1095,2022-05-22,5/22/22,5/22/22 11:23,22-May-22 11:23 AM,"Sun May 22, 2022 11:23"
1096,2022-12-15,12/15/22,12/15/22 3:44,22-Dec-15 3:44 AM,"Thu December 15, 2022 3:44"
1097,2022-06-12,6/12/22,6/12/22 15:52,22-Jun-12 3:52 PM,"Sun June 12, 2022 15:52"
1098,2022-12-20,12/20/22,12/20/22 10:03,22-Dec-20 10:03 AM,"Tue December 20, 2022 10:03"
1099,2022-03-29,3/29/22,3/29/22 3:49,22-Mar-29 3:49 AM,"Tue March 29, 2022 3:49"
1100,2022-10-30,10/30/22,10/30/22 15:15,22-Oct-30 3:15 PM,"Sun October 30, 2022 15:15"
1101,2022-01-22,1/22/22,1/22/22 12:56,22-Jan-22 12:56 PM,"Sat January 22, 2022 12:56"
1102,2022-03-31,3/31/22,3/31/22 11:29,22-Mar-31 11:29 AM,"Thu March 31, 2022 11:29"
1103,2022-02-21,2/21/22,2/21/22 10:30,22-Feb-21 10:30 AM,"Mon February 21, 2022 10:30"
1104,2022-01-01,1/1/22,1/1/22 9:11,22-Jan-01 9:11 AM,"Sat January 1, 2022 9:11"
1105,2022-01-18,1/18/22,1/18/22 2:54,22-Jan-18 2:54 AM,"Tue January 18, 2022 2:54"
1106,2022-06-15,6/15/22,6/15/22 5:32,22-Jun-15 5:32 AM,"Wed June 15, 2022 5:32"
1107,2022-08-04,8/4/22,8/4/22 2:44,22-Aug-04 2:44 AM,"Thu August 4, 2022 2:44"
1108,2022-09-25,9/25/22,9/25/22 18:10,22-Sep-25 6:10 PM,"Sun September 25, 2022 18:10"
1109,2022-09-25,9/25/22,9/25/22 12:18,22-Sep-25 12:18 PM,"Sun September 25, 2022 12:18"
1110,2022-03-27,3/27/22,3/27/22 8:31,22-Mar-27 8:31 AM,"Sun March 27, 2022 8:31"
1111,2022-12-04,12/4/22,12/4/22 8:17,22-Dec-04 8:17 AM,"Sun December 4, 2022 8:17"
1112,2022-02-10,2/10/22,2/10/22 7:23,22-Feb-10 7:23 AM,"Thu February 10, 2022 7:23"
1113,2022-05-10,5/10/22,5/10/22 13:00,22-May-10 1:00 PM,"Tue May 10, 2022 13:00"
1114,2022-02-09,2/9/22,2/9/22 7:19,22-Feb-09 7:19 AM,"Wed February 9, 2022 7:19"
1115,2022-08-31,8/31/22,8/31/22 9:12,22-Aug-31 9:12 AM,"Wed August 31, 2022 9:12"
1116,2022-03-13,3/13/22,3/13/22 12:22,22-Mar-13 12:22 PM,"Sun March 13, 2022 12:22"
1117,2022-09-07,9/7/22,9/7/22 11:37,22-Sep-07 11:37 AM,"Wed September 7, 2022 11:37"
1118,2022-05-25,5/25/22,5/25/22 5:33,22-May-25 5:33 AM,"Wed May 25, 2022 5:33"
1119,2022-01-13,1/13/22,1/13/22 15:27,22-Jan-13 3:27 PM,"Thu January 13, 2022 15:27"
1120,2022-09-18,9/18/22,9/18/22 9:05,22-Sep-18 9:05 AM,"Sun September 18, 2022 9:05"
1121,2022-03-16,3/16/22,3/16/22 6:00,22-Mar-16 6:00 AM,"Wed March 16, 2022 6:00"
1122,2022-05-27,5/27/22,5/27/22 11:32,22-May-27 11:32 AM,"Fri May 27, 2022 11:32"
1123,2022-02-09,2/9/22,2/9/22 16:01,22-Feb-09 4:01 PM,"Wed February 9, 2022 16:01"
1124,2022-12-14,12/14/22,12/14/22 12:21,22-Dec-14 12:21 PM,"Wed December 14, 2022 12:21"
1125,2022-02-14,2/14/22,2/14/22 9:33,22-Feb-14 9:33 AM,"Mon February 14, 2022 9:33"
1126,2022-06-20,6/20/22,6/20/22 4:22,22-Jun-20 4:22 AM,"Mon June 20, 2022 4:22"
1127,2022-07-30,7/30/22,7/30/22 1:23,22-Jul-30 1:23 AM,"Sat July 30, 2022 1:23"
1128,2022-08-26,8/26/22,8/26/22 21:53,22-Aug-26 9:53 PM,"Fri August 26, 2022 21:53"
1129,2022-05-01,5/1/22,5/1/22 6:03,22-May-01 6:03 AM,"Sun May 1, 2022 6:03"
1130,2022-01-01,1/1/22,1/1/22 18:58,22-Jan-01 6:58 PM,"Sat January 1, 2022 18:58"
1131,2022-06-28,6/28/22,6/28/22 15:37,22-Jun-28 3:37 PM,"Tue June 28, 2022 15:37"
1132,2022-01-03,1/3/22,1/3/22 4:05,22-Jan-03 4:05 AM,"Mon January 3, 2022 4:05"
1133,2022-08-17,8/17/22,8/17/22 12:41,22-Aug-17 12:41 PM,"Wed August 17, 2022 12:41"
1134,2022-05-22,5/22/22,5/22/22 13:11,22-May-22 1:11 PM,"Sun May 22, 2022 13:11"
1135,2022-05-01,5/1/22,5/1/22 8:29,22-May-01 8:29 AM,"Sun May 1, 2022 8:29"
1136,2022-03-29,3/29/22,3/29/22 17:47,22-Mar-29 5:47 PM,"Tue March 29, 2022 17:47"
1137,2022-09-13,9/13/22,9/13/22 7:35,22-Sep-13 7:35 AM,"Tue September 13, 2022 7:35"
1138,2022-03-16,3/16/22,3/16/22 14:23,22-Mar-16 2:23 PM,"Wed March 16, 2022 14:23"
1139,2022-12-30,12/30/22,12/30/22 5:13,22-Dec-30 5:13 AM,"Fri December 30, 2022 5:13"
1140,2022-01-31,1/31/22,1/31/22 9:06,22-Jan-31 9:06 AM,"Mon January 31, 2022 9:06"
1141,2022-03-17,3/17/22,3/17/22 6:22,22-Mar-17 6:22 AM,"Thu March 17, 2022 6:22"
1142,2022-08-06,8/6/22,8/6/22 18:49,22-Aug-06 6:49 PM,"Sat August 6, 2022 18:49"
1143,2022-12-19,12/19/22,12/19/22 13:41,22-Dec-19 1:41 PM,"Mon December 19, 2022 13:41"
1144,2022-04-09,4/9/22,4/9/22 14:04,22-Apr-09 2:04 PM,"Sat April 9, 2022 14:04"
1145,2022-03-21,3/21/22,3/21/22 15:43,22-Mar-21 3:43 PM,"Mon March 21, 2022 15:43"
1146,2022-08-24,8/24/22,8/24/22 8:42,22-Aug-24 8:42 AM,"Wed August 24, 2022 8:42"
1147,2022-06-20,6/20/22,6/20/22 7:58,22-Jun-20 7:58 AM,"Mon June 20, 2022 7:58"
1148,2022-06-15,6/15/22,6/15/22 11:27,22-Jun-15 11:27 AM,"Wed June 15, 2022 11:27"
1149,2022-01-28,1/28/22,1/28/22 21:02,22-Jan-28 9:02 PM,"Fri January 28, 2022 21:02"
1150,2022-02-09,2/9/22,2/9/22 23:45,22-Feb-09 11:45 PM,"Wed February 9, 2022 23:45"
1151,2022-06-19,6/19/22,6/19/22 9:02,22-Jun-19 9:02 AM,"Sun June 19, 2022 9:02"
1152,2022-12-22,12/22/22,12/22/22 14:33,22-Dec-22 2:33 PM,"Thu December 22, 2022 14:33"
1153,2022-11-20,11/20/22,11/20/22 19:35,22-Nov-20 7:35 PM,"Sun November 20, 2022 19:35"
1154,2022-10-26,10/26/22,10/26/22 6:31,22-Oct-26 6:31 AM,"Wed October 26, 2022 6:31"
1155,2022-10-21,10/21/22,10/21/22 20:21,22-Oct-21 8:21 PM,"Fri October 21, 2022 20:21"
1156,2022-07-11,7/11/22,7/11/22 17:56,22-Jul-11 5:56 PM,"Mon July 11, 2022 17:56"
1157,2022-07-01,7/1/22,7/1/22 10:11,22-Jul-01 10:11 AM,"Fri July 1, 2022 10:11"
1158,2022-04-18,4/18/22,4/18/22 22:34,22-Apr-18 10:34 PM,"Mon April 18, 2022 22:34"
1159,2022-03-07,3/7/22,3/7/22 21:46,22-Mar-07 9:46 PM,"Mon March 7, 2022 21:46"
1160,2022-05-11,5/11/22,5/11/22 11:22,22-May-11 11:22 AM,"Wed May 11, 2022 11:22"
1161,2022-08-09,8/9/22,8/9/22 20:22,22-Aug-09 8:22 PM,"Tue August 9, 2022 20:22"
1162,2022-12-24,12/24/22,12/24/22 22:55,22-Dec-24 10:55 PM,"Sat December 24, 2022 22:55"
1163,2022-04-07,4/7/22,4/7/22 6:37,22-Apr-07 6:37 AM,"Thu April 7, 2022 6:37"
1164,2022-04-18,4/18/22,4/18/22 16:43,22-Apr-18 4:43 PM,"Mon April 18, 2022 16:43"
1165,2022-03-06,3/6/22,3/6/22 17:39,22-Mar-06 5:39 PM,"Sun March 6, 2022 17:39"
1166,2022-09-17,9/17/22,9/17/22 1:50,22-Sep-17 1:50 AM,"Sat September 17, 2022 1:50"
1167,2022-04-09,4/9/22,4/9/22 17:09,22-Apr-09 5:09 PM,"Sat April 9, 2022 17:09"
1168,2022-06-18,6/18/22,6/18/22 15:59,22-Jun-18 3:59 PM,"Sat June 18, 2022 15:59"
1169,2022-07-14,7/14/22,7/14/22 18:18,22-Jul-14 6:18 PM,"Thu July 14, 2022 18:18"
1170,2022-09-19,9/19/22,9/19/22 2:19,22-Sep-19 2:19 AM,"Mon September 19, 2022 2:19"
1171,2022-11-11,11/11/22,11/11/22 6:29,22-Nov-11 6:29 AM,"Fri November 11, 2022 6:29"
1172,2022-09-10,9/10/22,9/10/22 6:59,22-Sep-10 6:59 AM,"Sat September 10, 2022 6:59"
1173,2022-10-14,10/14/22,10/14/22 4:30,22-Oct-14 4:30 AM,"Fri October 14, 2022 4:30"
1174,2022-01-28,1/28/22,1/28/22 3:14,22-Jan-28 3:14 AM,"Fri January 28, 2022 3:14"
1175,2022-09-09,9/9/22,9/9/22 6:01,22-Sep-09 6:01 AM,"Fri September 9, 2022 6:01"
1176,2022-03-24,3/24/22,3/24/22 20:26,22-Mar-24 8:26 PM,"Thu March 24, 2022 20:26"
1177,2022-09-30,9/30/22,9/30/22 0:53,22-Sep-30 12:53 AM,"Fri September 30, 2022 0:53"
1178,2022-12-04,12/4/22,12/4/22 5:18,22-Dec-04 5:18 AM,"Sun December 4, 2022 5:18"
1179,2022-05-01,5/1/22,5/1/22 23:25,22-May-01 11:25 PM,"Sun May 1, 2022 23:25"
1180,2022-01-29,1/29/22,1/29/22 15:29,22-Jan-29 3:29 PM,"Sat January 29, 2022 15:29"
1181,2022-01-29,1/29/22,1/29/22 16:11,22-Jan-29 4:11 PM,"Sat January 29, 2022 16:11"
1182,2022-03-30,3/30/22,3/30/22 17:19,22-Mar-30 5:19 PM,"Wed March 30, 2022 17:19"
1183,2022-07-30,7/30/22,7/30/22 14:34,22-Jul-30 2:34 PM,"Sat July 30, 2022 14:34"
1184,2022-10-11,10/11/22,10/11/22 0:40,22-Oct-11 12:40 AM,"Tue October 11, 2022 0:40"
1185,2022-10-24,10/24/22,10/24/22 8:28,22-Oct-24 8:28 AM,"Mon October 24, 2022 8:28"
1186,2022-09-27,9/27/22,9/27/22 5:37,22-Sep-27 5:37 AM,"Tue September 27, 2022 5:37"
1187,2022-06-18,6/18/22,6/18/22 1:31,22-Jun-18 1:31 AM,"Sat June 18, 2022 1:31"
1188,2022-08-02,8/2/22,8/2/22 14:54,22-Aug-02 2:54 PM,"Tue August 2, 2022 14:54"
1189,2022-12-11,12/11/22,12/11/22 12:48,22-Dec-11 12:48 PM,"Sun December 11, 2022 12:48"
1190,2022-10-18,10/18/22,10/18/22 17:51,22-Oct-18 5:51 PM,"Tue October 18, 2022 17:51"